pos;node_label;node_id;sum(log10(PP*));sum(mers);score
1870;82;1;-3.401575348698487;1;-561.4015753486985
1877;82;1;-3.7417366252957125;1;-561.7417366252957
1879;82;1;-90.13324184933103;39;-420.13324184933106
1885;82;1;-4.343223388470579;1;-562.3432233884706
1886;82;1;-6.389578987964562;2;-558.3895789879646
1888;82;1;-4.0886453394691555;2;-556.0886453394692
1900;82;1;-4.102366901496931;1;-562.1023669014969
1907;82;1;-4.050407586170338;1;-562.0504075861703
1914;82;1;-4.106590423746313;1;-562.1065904237463
1917;82;1;-8.784216475916903;2;-560.7842164759169
1919;82;1;-25.318007814848833;6;-553.3180078148488
1922;82;1;-9.128612675406393;2;-561.1286126754064
1923;82;1;-6.133834025684289;2;-558.1338340256843
1924;82;1;-10.747323990114786;3;-556.7473239901148
1930;82;1;-8.023569725239621;2;-560.0235697252397
1932;82;1;-6.786247432873869;2;-558.7862474328739
1942;82;1;-7.785293196062204;3;-553.7852931960622
1944;82;1;-2.4309323900782407;1;-560.4309323900783
1947;82;1;-6.709339077693961;3;-552.7093390776939
1955;82;1;-2.961100685735625;1;-560.9611006857356
1959;82;1;-3.524978161983947;1;-561.524978161984
1960;82;1;-15.668974395294974;5;-549.668974395295
1964;82;1;-2.0092048035053094;1;-560.0092048035053
1967;82;1;-4.737126747581538;1;-562.7371267475816
1976;82;1;-7.564283935345868;2;-559.5642839353459
1979;82;1;-5.390709148487293;2;-557.3907091484873
1994;82;1;-21.10254058668052;6;-549.1025405866806
1870;83;2;-3.323603232457561;1;-561.3236032324576
1875;83;2;-3.893920910959659;1;-561.8939209109597
1879;83;2;-87.31781595142009;38;-423.3178159514201
1885;83;2;-7.213508617120741;2;-559.2135086171207
1886;83;2;-6.244285480078129;2;-558.2442854800781
1888;83;2;-4.235899884248031;2;-556.235899884248
1896;83;2;-3.9407710380056598;1;-561.9407710380057
1900;83;2;-4.478686310366966;1;-562.4786863103669
1907;83;2;-4.024754545178374;1;-562.0247545451783
1915;83;2;-4.060117372456004;1;-562.060117372456
1916;83;2;-6.448341761020425;2;-558.4483417610204
1917;83;2;-12.384044635288411;3;-558.3840446352884
1919;83;2;-13.685123040550055;3;-559.68512304055
1920;83;2;-7.832834511647957;2;-559.832834511648
1923;83;2;-3.337242911947045;1;-561.3372429119471
1924;83;2;-6.547432658646308;2;-558.5474326586464
1930;83;2;-3.8254137767248526;1;-561.8254137767249
1932;83;2;-9.278985646717313;3;-555.2789856467173
1933;83;2;-3.628640003645542;1;-561.6286400036455
1935;83;2;-3.131173279701515;1;-561.1311732797016
1942;83;2;-3.092167675964449;1;-561.0921676759644
1943;83;2;-4.3772719207659225;1;-562.3772719207659
1944;83;2;-2.6773455589860276;1;-560.6773455589861
1947;83;2;-6.62667544172403;3;-552.626675441724
1948;83;2;-7.48737887325723;2;-559.4873788732573
1954;83;2;-3.7310929854770936;1;-561.7310929854771
1959;83;2;-3.3912372109182103;1;-561.3912372109182
1960;83;2;-12.18828730607393;4;-552.1882873060739
1964;83;2;-8.228092242574103;3;-554.2280922425741
1967;83;2;-4.540537042865823;1;-562.5405370428658
1976;83;2;-4.0407106335196445;1;-562.0407106335197
1982;83;2;-4.812368256061231;1;-562.8123682560612
1994;83;2;-15.090464315572497;4;-555.0904643155725
1995;83;2;-4.367838840843577;1;-562.3678388408435
1870;84;3;-3.524200732560594;1;-561.5242007325606
1875;84;3;-3.862818086914603;1;-561.8628180869146
1879;84;3;-91.36680716354644;38;-427.36680716354647
1885;84;3;-7.133181440439521;2;-559.1331814404396
1886;84;3;-5.847146535921997;2;-557.847146535922
1888;84;3;-4.653244356142583;2;-556.6532443561426
1916;84;3;-6.216381460755123;2;-558.2163814607551
1917;84;3;-15.611486836478297;4;-555.6114868364783
1918;84;3;-2.777786201205007;1;-560.777786201205
1919;84;3;-4.743346485530183;1;-562.7433464855302
1920;84;3;-8.224723216770263;2;-560.2247232167703
1923;84;3;-3.402259458314773;1;-561.4022594583148
1924;84;3;-5.908854444636428;2;-557.9088544446364
1930;84;3;-7.383139935099344;2;-559.3831399350994
1932;84;3;-8.80566256033241;3;-554.8056625603324
1933;84;3;-3.774697327414138;1;-561.7746973274142
1935;84;3;-3.065989695607144;1;-561.0659896956072
1940;84;3;-4.298464622992595;1;-562.2984646229926
1942;84;3;-3.155059208465813;1;-561.1550592084658
1943;84;3;-8.29659366649551;2;-560.2965936664955
1947;84;3;-6.940895014392012;3;-552.940895014392
1948;84;3;-3.754240823025715;1;-561.7542408230257
1954;84;3;-4.009008515118404;1;-562.0090085151184
1959;84;3;-3.4077894666956245;1;-561.4077894666956
1960;84;3;-11.865869934814334;4;-551.8658699348143
1964;84;3;-7.92094469801742;3;-553.9209446980174
1976;84;3;-15.150658428259145;4;-555.1506584282591
1982;84;3;-4.467637022313289;1;-562.4676370223133
1994;84;3;-17.977310218987867;5;-551.9773102189879
1995;84;3;-4.123498359352666;1;-562.1234983593527
1870;85;6;-6.942508246669062;2;-558.942508246669
1875;85;6;-7.621760175057327;2;-559.6217601750574
1879;85;6;-85.76227135386436;35;-439.7622713538644
1885;85;6;-6.714259220259212;2;-558.7142592202592
1886;85;6;-6.726865063533348;2;-558.7268650635333
1888;85;6;-4.323324433316515;2;-556.3233244333165
1896;85;6;-8.665528001357975;2;-560.665528001358
1901;85;6;-4.640387009409471;1;-562.6403870094094
1907;85;6;-4.476679210900552;1;-562.4766792109006
1908;85;6;-4.8171533400535855;1;-562.8171533400536
1915;85;6;-8.01303042116717;2;-560.0130304211672
1916;85;6;-8.861659839869466;3;-554.8616598398695
1917;85;6;-9.463755095077401;2;-561.4637550950774
1918;85;6;-6.322111351447827;2;-558.3221113514478
1919;85;6;-4.780711985835285;1;-562.7807119858353
1920;85;6;-6.6147538112819255;2;-558.614753811282
1924;85;6;-6.5093354221594355;2;-558.5093354221594
1929;85;6;-4.390076252537788;1;-562.3900762525378
1930;85;6;-4.0457738590075625;1;-562.0457738590076
1932;85;6;-9.159376562213897;3;-555.1593765622139
1933;85;6;-3.7466458552485706;1;-561.7466458552485
1935;85;6;-3.450056644334404;1;-561.4500566443344
1943;85;6;-5.1748140552723125;1;-563.1748140552723
1944;85;6;-3.224643505507866;1;-561.2246435055079
1947;85;6;-14.756393519863678;5;-548.7563935198636
1948;85;6;-11.325713806078365;3;-557.3257138060784
1954;85;6;-3.433179711438109;1;-561.4331797114381
1959;85;6;-3.3086473301327093;1;-561.3086473301327
1960;85;6;-6.607126886693177;2;-558.6071268866932
1964;85;6;-5.367405285847971;2;-557.367405285848
1972;85;6;-4.054035422586584;1;-562.0540354225866
1975;85;6;-4.928732527485053;1;-562.9287325274851
1979;85;6;-3.923584228332228;1;-561.9235842283322
1982;85;6;-4.983631284511801;1;-562.9836312845118
1994;85;6;-8.586447872805486;2;-560.5864478728055
1995;85;6;-4.810832234995918;1;-562.8108322349959
1875;86;7;-3.419751727164634;1;-561.4197517271647
1879;86;7;-94.1236039144339;37;-436.1236039144339
1885;86;7;-6.519912820087008;2;-558.519912820087
1886;86;7;-6.022817097971737;2;-558.0228170979717
1888;86;7;-4.706579742332891;2;-556.7065797423329
1896;86;7;-3.7387523283963744;1;-561.7387523283963
1900;86;7;-2.28829753597216;1;-560.2882975359721
1916;86;7;-8.338896965715097;3;-554.3388969657151
1917;86;7;-10.881320776389163;3;-556.8813207763892
1918;86;7;-5.643459615698085;2;-557.6434596156981
1920;86;7;-7.086512539269959;2;-559.08651253927
1924;86;7;-5.529754273356161;2;-557.5297542733562
1928;86;7;-4.163731692267901;1;-562.1637316922679
1929;86;7;-4.016119337042453;1;-562.0161193370425
1930;86;7;-3.5994480610841437;1;-561.5994480610841
1932;86;7;-8.214310619477292;3;-554.2143106194773
1933;86;7;-3.862341694500862;1;-561.8623416945009
1935;86;7;-3.214528196245449;1;-561.2145281962454
1939;86;7;-3.898866499743505;1;-561.8988664997435
1940;86;7;-4.229557601072515;1;-562.2295576010725
1943;86;7;-9.106462254719514;2;-561.1064622547195
1947;86;7;-13.887431095943084;5;-547.887431095943
1948;86;7;-10.612048586243514;3;-556.6120485862435
1954;86;7;-7.3787963656029;2;-559.3787963656029
1959;86;7;-3.2961271825933163;1;-561.2961271825933
1960;86;7;-5.919404590731701;2;-557.9194045907317
1964;86;7;-4.682745224473901;2;-556.6827452244739
1972;86;7;-3.6491757455148552;1;-561.6491757455149
1975;86;7;-8.716754674229534;2;-560.7167546742295
1976;86;7;-4.04668787742786;1;-562.0466878774279
1979;86;7;-3.696458598682087;1;-561.696458598682
1982;86;7;-4.698496067797962;1;-562.6984960677979
1994;86;7;-7.878589117956075;2;-559.878589117956
1995;86;7;-4.239725006163484;1;-562.2397250061634
1870;87;11;-3.508400516956834;1;-561.5084005169568
1877;87;11;-3.8222321693044177;1;-561.8222321693045
1879;87;11;-98.189555337413;41;-416.189555337413
1886;87;11;-6.759020782975159;2;-558.7590207829752
1888;87;11;-3.9513624773654454;2;-555.9513624773655
1900;87;11;-4.060244002386324;1;-562.0602440023863
1907;87;11;-8.160979463494177;2;-560.1609794634942
1914;87;11;-4.030366417942232;1;-562.0303664179422
1917;87;11;-4.89225135605419;1;-562.8922513560542
1918;87;11;-2.719310769675332;1;-560.7193107696753
1919;87;11;-24.889851363211477;6;-552.8898513632115
1922;87;11;-4.708238359706366;1;-562.7082383597063
1923;87;11;-10.5468182532756;3;-556.5468182532755
1924;87;11;-11.176576160203844;3;-557.1765761602038
1930;87;11;-8.293540104990603;2;-560.2935401049906
1932;87;11;-3.860762910129432;1;-561.8607629101294
1942;87;11;-7.634471036271993;3;-553.634471036272
1943;87;11;-4.4719422570507685;1;-562.4719422570507
1944;87;11;-2.35347934816658;1;-560.3534793481666
1947;87;11;-7.009918078531365;3;-553.0099180785313
1951;87;11;-3.557734305267569;1;-561.5577343052676
1955;87;11;-2.9583883151840085;1;-560.958388315184
1960;87;11;-12.90051567620347;4;-552.9005156762034
1964;87;11;-2.1604432299158893;1;-560.1604432299159
1967;87;11;-5.139450083256368;1;-563.1394500832564
1976;87;11;-3.9964183981208117;1;-561.9964183981208
1979;87;11;-4.966488989495547;2;-556.9664889894956
1994;87;11;-21.32633943153785;6;-549.3263394315378
1877;88;12;-3.826344923701326;1;-561.8263449237013
1879;88;12;-107.42261476528245;42;-419.42261476528245
1886;88;12;-5.738461115418675;2;-557.7384611154187
1888;88;12;-4.940890637862015;2;-556.940890637862
1900;88;12;-4.127577569758871;1;-562.1275775697588
1903;88;12;-6.681967946087886;2;-558.6819679460879
1910;88;12;-4.411131517030681;1;-562.4111315170306
1917;88;12;-3.8940687143510444;1;-561.8940687143511
1918;88;12;-2.972283565135381;1;-560.9722835651354
1919;88;12;-7.489747854307394;2;-559.4897478543074
1923;88;12;-6.958666694166029;2;-558.958666694166
1924;88;12;-2.7297885868119174;1;-560.7297885868119
1930;88;12;-7.452665175457196;2;-559.4526651754572
1932;88;12;-3.1197949372368856;1;-561.1197949372369
1942;88;12;-5.828877806044158;2;-557.8288778060441
1943;88;12;-18.878134192074608;5;-552.8781341920746
1947;88;12;-7.689235374120464;3;-553.6892353741205
1951;88;12;-3.2595335513041275;1;-561.2595335513041
1954;88;12;-8.232046261803383;2;-560.2320462618034
1955;88;12;-6.655010739679312;2;-558.6550107396793
1958;88;12;-3.686787062945231;1;-561.6867870629452
1959;88;12;-3.5367177384041644;1;-561.5367177384041
1960;88;12;-12.24942509122849;4;-552.2494250912285
1964;88;12;-2.044562891367025;1;-560.044562891367
1976;88;12;-10.950843735263362;3;-556.9508437352633
1979;88;12;-5.527498964887973;2;-557.527498964888
1994;88;12;-20.1790900945057;6;-548.1790900945057
1857;89;15;-4.115210786145799;1;-562.1152107861458
1870;89;15;-3.8021526902813267;1;-561.8021526902813
1877;89;15;-8.233106012559606;2;-560.2331060125596
1879;89;15;-97.3644425552442;40;-421.3644425552442
1886;89;15;-7.6419088086679;2;-559.641908808668
1888;89;15;-3.7795819480021624;2;-555.7795819480021
1898;89;15;-5.501543998590161;1;-563.5015439985901
1900;89;15;-8.478358514818874;2;-560.4783585148189
1914;89;15;-4.159056641732488;1;-562.1590566417325
1918;89;15;-2.805518845278902;1;-560.8055188452789
1919;89;15;-26.289326750103612;6;-554.2893267501036
1923;89;15;-11.424132436057025;3;-557.424132436057
1924;89;15;-8.232384062810482;2;-560.2323840628105
1926;89;15;-8.979758105107493;2;-560.9797581051075
1929;89;15;-5.406571016362717;2;-557.4065710163627
1930;89;15;-4.690740000314811;1;-562.6907400003148
1942;89;15;-4.868628596425559;2;-556.8686285964255
1943;89;15;-8.886390618298424;2;-560.8863906182984
1944;89;15;-2.3537245904383877;1;-560.3537245904383
1947;89;15;-7.751820793580144;3;-553.7518207935801
1951;89;15;-3.7576810171494373;1;-561.7576810171495
1955;89;15;-3.1827220068344086;1;-561.1827220068344
1960;89;15;-10.3017405427424;3;-556.3017405427424
1963;89;15;-4.119620641272651;1;-562.1196206412726
1964;89;15;-2.5186902712313874;1;-560.5186902712314
1976;89;15;-4.5237712442070315;1;-562.5237712442071
1979;89;15;-10.264516519588566;3;-556.2645165195886
1994;89;15;-19.22923660290632;5;-553.2292366029063
1997;89;15;-3.7626271414005243;1;-561.7626271414006
1877;90;16;-3.822732651976343;1;-561.8227326519764
1879;90;16;-104.60360524832389;42;-416.6036052483239
1886;90;16;-5.914325289970918;2;-557.914325289971
1888;90;16;-4.715870873748061;2;-556.715870873748
1900;90;16;-4.029879803929449;1;-562.0298798039295
1903;90;16;-3.34825570883523;1;-561.3482557088353
1914;90;16;-3.8693470996499415;1;-561.86934709965
1917;90;16;-4.020403737766247;1;-562.0204037377663
1918;90;16;-2.7830082199880444;1;-560.783008219988
1919;90;16;-11.579890882667303;3;-557.5798908826673
1923;90;16;-6.89852603557387;2;-558.8985260355739
1924;90;16;-3.09458901949776;1;-561.0945890194978
1926;90;16;-3.455768800118864;1;-561.4557688001189
1929;90;16;-6.053518295940753;2;-558.0535182959408
1930;90;16;-7.614820850837817;2;-559.6148208508379
1932;90;16;-3.399251493570357;1;-561.3992514935703
1942;90;16;-5.110841133492295;2;-557.1108411334923
1943;90;16;-18.265550350163434;5;-552.2655503501634
1947;90;16;-7.912119537301977;3;-553.912119537302
1951;90;16;-3.2623457555220066;1;-561.262345755522
1954;90;16;-8.26919747762068;2;-560.2691974776207
1955;90;16;-2.7145693544628697;1;-560.7145693544629
1958;90;16;-3.807680968814723;1;-561.8076809688147
1960;90;16;-9.105252434595663;3;-555.1052524345956
1963;90;16;-3.4372948173490645;1;-561.4372948173491
1964;90;16;-2.134661043695489;1;-560.1346610436955
1976;90;16;-3.399830267100354;1;-561.3998302671004
1979;90;16;-9.461945915646156;3;-555.4619459156462
1994;90;16;-16.619555664532804;5;-550.6195556645328
1997;90;16;-3.4181707205876024;1;-561.4181707205876
1860;91;19;-10.560180976607114;3;-556.5601809766072
1879;91;19;-121.1980333480322;41;-439.1980333480322
1886;91;19;-5.141929707612143;1;-563.1419297076121
1888;91;19;-7.973756100504307;3;-553.9737561005043
1910;91;19;-5.202040989101913;1;-563.2020409891019
1913;91;19;-3.8332406967318216;1;-561.8332406967319
1914;91;19;-5.596411572650477;1;-563.5964115726505
1919;91;19;-18.85711334994003;4;-558.85711334994
1923;91;19;-10.363988539059088;2;-562.363988539059
1924;91;19;-5.939929411788454;1;-563.9399294117884
1929;91;19;-5.5802459616738975;2;-557.5802459616739
1935;91;19;-4.420612567731524;1;-562.4206125677315
1942;91;19;-3.2123232684756338;1;-561.2123232684756
1944;91;19;-4.517403680731714;1;-562.5174036807317
1947;91;19;-7.9179079124569345;2;-559.9179079124569
1955;91;19;-5.298196947629817;1;-563.2981969476298
1979;91;19;-13.122574793441448;3;-559.1225747934415
1997;91;19;-5.175247676058978;1;-563.175247676059
1860;92;20;-11.344472344371276;3;-557.3444723443713
1879;92;20;-119.43574664755887;39;-449.43574664755886
1886;92;20;-5.467358506702027;1;-563.467358506702
1888;92;20;-7.711409190325822;3;-553.7114091903259
1910;92;20;-5.149713993863562;1;-563.1497139938635
1913;92;20;-4.0572384923513205;1;-562.0572384923513
1914;92;20;-5.961620486896751;1;-563.9616204868968
1919;92;20;-19.794117914551773;4;-559.7941179145517
1923;92;20;-10.738107548254039;2;-562.738107548254
1929;92;20;-5.808130738079363;2;-557.8081307380794
1935;92;20;-4.491266710379239;1;-562.4912667103793
1942;92;20;-3.2339291102027787;1;-561.2339291102028
1944;92;20;-4.513494852579355;1;-562.5134948525794
1947;92;20;-8.021309624127252;2;-560.0213096241273
1955;92;20;-5.500520475165395;1;-563.5005204751654
1979;92;20;-7.394900131251054;2;-559.394900131251
1997;92;20;-5.357233007327632;1;-563.3572330073276
1870;93;21;-4.289840816177907;1;-562.289840816178
1879;93;21;-108.5913551873197;41;-426.5913551873197
1886;93;21;-7.776936499595552;2;-559.7769364995955
1888;93;21;-6.723516009075627;3;-552.7235160090756
1900;93;21;-4.370255973590194;1;-562.3702559735902
1910;93;21;-4.00965953638713;1;-562.0096595363872
1914;93;21;-4.406773769150403;1;-562.4067737691504
1917;93;21;-14.29231274220085;3;-560.2923127422008
1918;93;21;-3.00584631281368;1;-561.0058463128137
1919;93;21;-12.845609454316774;3;-558.8456094543168
1923;93;21;-8.224929464038482;2;-560.2249294640385
1924;93;21;-10.005038949023454;2;-562.0050389490234
1926;93;21;-8.295164006983223;2;-560.2951640069832
1929;93;21;-4.682263534452813;2;-556.6822635344528
1930;93;21;-9.117113617803465;2;-561.1171136178035
1935;93;21;-3.5236682795512917;1;-561.5236682795513
1942;93;21;-2.3871114228485864;1;-560.3871114228485
1943;93;21;-18.410334407527827;5;-552.4103344075278
1944;93;21;-5.236274116987739;2;-557.2362741169877
1947;93;21;-2.2697996708880908;1;-560.2697996708881
1948;93;21;-4.536162789533926;1;-562.5361627895339
1955;93;21;-3.209509030120439;1;-561.2095090301204
1963;93;21;-6.683001734573092;2;-558.683001734573
1964;93;21;-2.8551280778603894;1;-560.8551280778604
1966;93;21;-3.2452688459318555;1;-561.2452688459318
1976;93;21;-4.61036820918613;1;-562.6103682091862
1979;93;21;-13.692148108180053;4;-553.69214810818
1994;93;21;-20.24546006265954;5;-554.2454600626595
1997;93;21;-3.4102677628082794;1;-561.4102677628083
1860;94;24;-12.682628049389495;3;-558.6826280493895
1879;94;24;-97.331714383658;33;-463.331714383658
1888;94;24;-7.567208809719221;3;-553.5672088097192
1910;94;24;-5.277389698629738;1;-563.2773896986297
1913;94;24;-4.494678480512459;1;-562.4946784805124
1919;94;24;-15.317233910308286;3;-561.3172339103082
1923;94;24;-5.361019971283064;1;-563.3610199712831
1929;94;24;-6.213730522435147;2;-558.2137305224352
1935;94;24;-4.652221257120538;1;-562.6522212571206
1942;94;24;-3.3479241708927754;1;-561.3479241708927
1944;94;24;-4.655408187921093;1;-562.6554081879211
1947;94;24;-8.316440571114637;2;-560.3164405711146
1955;94;24;-5.91185225989098;1;-563.911852259891
1979;94;24;-7.832188385292201;2;-559.8321883852922
1997;94;24;-5.761039254227059;1;-563.7610392542271
1860;95;25;-7.155501955716497;2;-559.1555019557165
1870;95;25;-4.393520223077916;1;-562.3935202230779
1877;95;25;-4.994841530188117;1;-562.9948415301881
1879;95;25;-95.38357474270825;36;-443.3835747427082
1882;95;25;-4.147779432332784;1;-562.1477794323328
1886;95;25;-8.220134689446589;2;-560.2201346894466
1888;95;25;-6.545924753589741;3;-552.5459247535897
1900;95;25;-8.848998272784868;2;-560.8489982727849
1903;95;25;-9.302969179107865;2;-561.3029691791079
1906;95;25;-3.994033075250529;1;-561.9940330752505
1914;95;25;-4.778704444388209;1;-562.7787044443882
1917;95;25;-14.700811505130769;3;-560.7008115051308
1918;95;25;-3.1406595867904756;1;-561.1406595867904
1919;95;25;-13.410943441820297;3;-559.4109434418203
1923;95;25;-8.563526591316945;2;-560.563526591317
1924;95;25;-5.365854253532961;1;-563.3658542535329
1926;95;25;-8.698309063573294;2;-560.6983090635733
1929;95;25;-4.639952830586422;2;-556.6399528305864
1935;95;25;-3.5752175830718564;1;-561.5752175830719
1942;95;25;-2.3881526675163864;1;-560.3881526675164
1943;95;25;-23.88358203272353;6;-551.8835820327236
1944;95;25;-5.313345915155822;2;-557.3133459151559
1947;95;25;-2.2888509101683385;1;-560.2888509101683
1948;95;25;-4.652906612047371;1;-562.6529066120473
1951;95;25;-5.000648084714862;1;-563.0006480847148
1955;95;25;-3.371747697894781;1;-561.3717476978948
1963;95;25;-6.9232053343262745;2;-558.9232053343263
1964;95;25;-2.977719282078745;1;-560.9777192820787
1966;95;25;-3.341739752119821;1;-561.3417397521198
1976;95;25;-4.879881618708958;1;-562.879881618709
1979;95;25;-10.026889134714155;3;-556.0268891347141
1994;95;25;-20.989208911685296;5;-554.9892089116853
1997;95;25;-3.5599588635359503;1;-561.5599588635359
1860;96;28;-15.731490608982972;3;-561.731490608983
1879;96;28;-69.82961222693277;25;-483.8296122269328
1888;96;28;-7.7862898214297775;3;-553.7862898214298
1913;96;28;-5.624755487424815;1;-563.6247554874249
1919;96;28;-5.862208288128121;1;-563.8622082881282
1925;96;28;-4.756638674546276;1;-562.7566386745463
1929;96;28;-7.614487112333052;2;-559.6144871123331
1935;96;28;-5.021508521862707;1;-563.0215085218628
1942;96;28;-3.8106826604199537;1;-561.81068266042
1944;96;28;-5.3266963197505195;1;-563.3266963197506
1947;96;28;-3.3018499295218127;1;-561.3018499295218
1979;96;28;-4.246081458683129;1;-562.2460814586831
1860;97;29;-4.24872535684135;1;-562.2487253568413
1879;97;29;-65.69455525888908;23;-491.69455525888907
1888;97;29;-8.478418359980035;3;-554.4784183599801
1925;97;29;-4.7039388051101705;1;-562.7039388051102
1929;97;29;-7.4496314594832125;2;-559.4496314594832
1935;97;29;-5.316061358407613;1;-563.3160613584076
1942;97;29;-3.466683295633807;1;-561.4666832956339
1943;97;29;-11.73909241634254;2;-563.7390924163425
1944;97;29;-9.199863684807978;2;-561.199863684808
1947;97;29;-3.447954685597353;1;-561.4479546855973
1979;97;29;-3.954297379667568;1;-561.9542973796675
1857;98;30;-5.995180958032931;1;-563.995180958033
1860;98;30;-14.565417441137463;3;-560.5654174411375
1870;98;30;-5.670477216561138;1;-563.6704772165612
1879;98;30;-75.88754604051753;27;-477.8875460405175
1882;98;30;-5.138736329563081;1;-563.1387363295631
1886;98;30;-5.337438253453485;1;-563.3374382534535
1888;98;30;-17.487299727948614;5;-551.4872997279487
1900;98;30;-5.939867683404305;1;-563.9398676834043
1903;98;30;-5.684979098913251;1;-563.6849790989132
1906;98;30;-4.726673452165279;1;-562.7266734521653
1917;98;30;-5.283196264333932;1;-563.2831962643339
1918;98;30;-4.348096223501881;1;-562.3480962235019
1919;98;30;-4.74305905069509;1;-562.7430590506951
1923;98;30;-5.530177353555068;1;-563.530177353555
1926;98;30;-11.015859028611388;2;-563.0158590286114
1929;98;30;-11.017234572442952;3;-557.0172345724429
1930;98;30;-5.559767761749094;1;-563.5597677617491
1935;98;30;-4.3805865805605615;1;-562.3805865805606
1942;98;30;-2.503834383784065;1;-560.503834383784
1943;98;30;-22.933952865087715;5;-556.9339528650877
1944;98;30;-5.95944914704166;2;-557.9594491470417
1947;98;30;-6.772453465304423;2;-558.7724534653045
1948;98;30;-5.610177876711193;1;-563.6101778767112
1951;98;30;-5.976397468210965;1;-563.976397468211
1955;98;30;-4.606894378231446;1;-562.6068943782315
1959;98;30;-4.828422234914477;1;-562.8284222349145
1963;98;30;-9.10530255212815;2;-561.1053025521281
1964;98;30;-3.9949349296127106;1;-561.9949349296127
1979;98;30;-5.9666832384476365;2;-557.9666832384477
1994;98;30;-21.52096974913036;4;-561.5209697491304
1996;98;30;-5.755861823353001;1;-563.755861823353
1997;98;30;-4.606496212654776;1;-562.6064962126547
1860;99;33;-4.979061082514254;1;-562.9790610825142
1879;99;33;-78.41011613833135;23;-504.4101161383313
1888;99;33;-10.087768724961911;3;-556.087768724962
1925;99;33;-4.964905739054494;1;-562.9649057390545
1929;99;33;-7.691215193762346;2;-559.6912151937623
1942;99;33;-3.39164347631719;1;-561.3916434763172
1944;99;33;-9.099138611837358;2;-561.0991386118374
1947;99;33;-3.8802012533928263;1;-561.8802012533928
1979;99;33;-3.974979087983365;1;-561.9749790879833
1860;100;34;-15.918700621736697;3;-561.9187006217367
1879;100;34;-84.55697184084407;27;-486.5569718408441
1882;100;34;-5.129154987410753;1;-563.1291549874107
1886;100;34;-5.435336754777204;1;-563.4353367547772
1888;100;34;-18.974396368466987;5;-552.974396368467
1903;100;34;-5.718744657413872;1;-563.7187446574138
1906;100;34;-4.631362506516705;1;-562.6313625065167
1917;100;34;-5.494115508272233;1;-563.4941155082722
1918;100;34;-4.459333754729874;1;-562.4593337547299
1919;100;34;-5.00549046620297;1;-563.005490466203
1926;100;34;-11.010885750092351;2;-563.0108857500924
1929;100;34;-16.747295755122433;4;-556.7472957551224
1930;100;34;-5.733962330688931;1;-563.7339623306889
1935;100;34;-4.9116187542585745;1;-562.9116187542586
1942;100;34;-2.338921090841133;1;-560.3389210908412
1943;100;34;-22.916038505055706;5;-556.9160385050557
1944;100;34;-5.754672542921291;2;-557.7546725429213
1947;100;34;-7.2020056884696295;2;-559.2020056884696
1948;100;34;-5.531581702900754;1;-563.5315817029008
1951;100;34;-5.874271854328662;1;-563.8742718543286
1955;100;34;-4.7020325312159095;1;-562.7020325312159
1959;100;34;-4.954892085238683;1;-562.9548920852387
1963;100;34;-9.375076653892343;2;-561.3750766538924
1964;100;34;-3.9959729884269635;1;-561.995972988427
1979;100;34;-11.749323662301336;3;-557.7493236623013
1994;100;34;-21.725917998625086;4;-561.725917998625
1996;100;34;-5.465340952525804;1;-563.4653409525258
1997;100;34;-4.698576309317847;1;-562.6985763093179
1860;101;38;-4.109109409726412;1;-562.1091094097264
1879;101;38;-66.84275612817012;25;-480.8427561281701
1888;101;38;-17.401512737542784;5;-551.4015127375428
1910;101;38;-5.356954545653564;1;-563.3569545456536
1913;101;38;-5.609569761260458;1;-563.6095697612604
1918;101;38;-5.895883942572404;1;-563.8958839425724
1919;101;38;-5.83445826269339;1;-563.8344582626934
1925;101;38;-4.33522598183212;1;-562.3352259818321
1929;101;38;-7.203143855396888;2;-559.2031438553969
1935;101;38;-4.762890328130835;1;-562.7628903281309
1942;101;38;-3.8318697871340133;1;-561.831869787134
1943;101;38;-5.79875143906884;1;-563.7987514390688
1944;101;38;-5.15323357557946;1;-563.1532335755794
1947;101;38;-8.603521636754493;2;-560.6035216367545
1979;101;38;-4.035739481700587;1;-562.0357394817006
1860;102;39;-12.778222170419957;3;-558.77822217042
1870;102;39;-4.771387009603325;1;-562.7713870096034
1877;102;39;-5.991827587910741;1;-563.9918275879107
1879;102;39;-68.52661938795745;29;-458.52661938795745
1886;102;39;-9.383083911094221;2;-561.3830839110942
1888;102;39;-13.569709727594052;5;-547.569709727594
1900;102;39;-9.257762149109938;2;-561.2577621491099
1903;102;39;-10.175103431195453;2;-562.1751034311955
1906;102;39;-4.291407469506378;1;-562.2914074695063
1910;102;39;-4.1412467062185465;1;-562.1412467062186
1917;102;39;-20.083689280637948;4;-560.0836892806379
1918;102;39;-3.5404562315932147;1;-561.5404562315932
1919;102;39;-9.096591210312603;2;-561.0965912103126
1923;102;39;-12.935947117971839;3;-558.9359471179719
1924;102;39;-5.869496599889084;1;-563.8694965998891
1925;102;39;-5.598566962796094;1;-563.5985669627961
1926;102;39;-10.085557293807675;2;-562.0855572938077
1929;102;39;-10.036098755527316;3;-556.0360987555273
1935;102;39;-3.659024290845477;1;-561.6590242908454
1942;102;39;-2.6288798725527633;1;-560.6288798725527
1943;102;39;-23.08362938416533;5;-557.0836293841653
1947;102;39;-5.563186836442419;2;-557.5631868364425
1948;102;39;-5.220112468047401;1;-563.2201124680474
1951;102;39;-5.720861664084615;1;-563.7208616640846
1953;102;39;-5.332076792021799;1;-563.3320767920218
1955;102;39;-3.989019975194909;1;-561.9890199751949
1959;102;39;-4.4030020002098365;1;-562.4030020002099
1960;102;39;-3.225380102922625;1;-561.2253801029226
1963;102;39;-7.66422313076408;2;-559.6642231307641
1964;102;39;-3.384812580658007;1;-561.384812580658
1976;102;39;-5.603110537319365;1;-563.6031105373194
1979;102;39;-5.563116181456477;2;-557.5631161814565
1985;102;39;-5.890662829863262;1;-563.8906628298632
1994;102;39;-23.26896150349584;5;-557.2689615034958
1996;102;39;-5.738833596458086;1;-563.7388335964581
1997;102;39;-4.092226017334692;1;-562.0922260173347
1860;103;42;-4.57088330604361;1;-562.5708833060436
1879;103;42;-63.99999613468672;24;-483.99999613468674
1888;103;42;-16.469458385690114;5;-550.4694583856901
1910;103;42;-5.4614451451624735;1;-563.4614451451624
1925;103;42;-4.625683387788977;1;-562.625683387789
1929;103;42;-7.244033485193469;2;-559.2440334851934
1935;103;42;-4.936332085883116;1;-562.9363320858831
1942;103;42;-4.276776718013078;1;-562.276776718013
1944;103;42;-5.79827668523397;1;-563.798276685234
1947;103;42;-8.730375119389828;2;-560.7303751193898
1964;103;42;-5.951094860648861;1;-563.9510948606488
1979;103;42;-4.263026527367055;1;-562.2630265273671
1860;104;43;-14.373182451683347;3;-560.3731824516833
1870;104;43;-5.338029495816595;1;-563.3380294958166
1879;104;43;-70.29739120327673;28;-466.29739120327673
1886;104;43;-10.642453363880035;2;-562.64245336388
1888;104;43;-17.10100025751753;6;-545.1010002575175
1900;104;43;-9.9859643141722;2;-561.9859643141722
1903;104;43;-11.511454372810498;2;-563.5114543728105
1906;104;43;-4.7999833742383995;1;-562.7999833742384
1910;104;43;-4.298939446918983;1;-562.298939446919
1917;104;43;-20.79028875470107;4;-560.7902887547011
1918;104;43;-4.044458826831863;1;-562.0444588268318
1919;104;43;-10.307865827802043;2;-562.3078658278021
1923;104;43;-14.591028804079397;3;-560.5910288040794
1926;104;43;-5.377383412846232;1;-563.3773834128463
1929;104;43;-10.555905763511449;3;-556.5559057635114
1935;104;43;-3.9039573884188825;1;-561.9039573884189
1937;104;43;-5.746500667783161;1;-563.7465006677832
1942;104;43;-3.103372675422641;1;-561.1033726754226
1943;104;43;-20.231271030219535;4;-560.2312710302195
1947;104;43;-11.927649532469413;3;-557.9276495324694
1953;104;43;-5.73282588799051;1;-563.7328258879905
1955;104;43;-4.793264743285142;1;-562.7932647432851
1959;104;43;-5.056140388547941;1;-563.056140388548
1960;104;43;-3.7029884499679167;1;-561.702988449968
1963;104;43;-8.605272270908168;2;-560.6052722709081
1964;104;43;-3.9660502916686915;1;-561.9660502916687
1979;104;43;-6.433634542114277;2;-558.4336345421143
1994;104;43;-20.07299244499449;4;-560.0729924449945
1997;104;43;-4.765954784130419;1;-562.7659547841304
1860;105;46;-5.895603394573321;1;-563.8956033945733
1879;105;46;-66.15394718429502;22;-498.153947184295
1888;105;46;-17.931638862009194;5;-551.9316388620092
1925;105;46;-5.882233861357366;1;-563.8822338613573
1929;105;46;-7.935062917963391;2;-559.9350629179634
1942;105;46;-5.619149566865444;1;-563.6191495668654
1947;105;46;-3.9178088799481157;1;-561.9178088799481
1979;105;46;-5.135260037068973;1;-563.135260037069
1855;106;49;-4.5530623687549845;1;-562.553062368755
1860;106;49;-10.392466770350513;3;-556.3924667703506
1879;106;49;-108.30448936034736;40;-432.30448936034736
1886;106;49;-4.953426143356769;1;-562.9534261433568
1888;106;49;-8.76826392677733;3;-554.7682639267773
1910;106;49;-5.295233884055367;1;-563.2952338840554
1913;106;49;-3.7306346419912435;1;-561.7306346419913
1914;106;49;-5.42013284765365;1;-563.4201328476537
1919;106;49;-18.465521174401406;4;-558.4655211744014
1923;106;49;-10.242349516374018;2;-562.242349516374
1924;106;49;-5.775450933269884;1;-563.7754509332699
1929;106;49;-5.3194950760017505;2;-557.3194950760018
1935;106;49;-4.393796583111998;1;-562.393796583112
1942;106;49;-3.28804407916126;1;-561.2880440791613
1943;106;49;-5.983640015192825;1;-563.9836400151928
1944;106;49;-4.4834798834592835;1;-562.4834798834593
1947;106;49;-2.9290640467613627;1;-560.9290640467614
1955;106;49;-5.2161445430780615;1;-563.216144543078
1966;106;49;-5.031200423364172;1;-563.0312004233642
1979;106;49;-13.137486074356438;3;-559.1374860743564
1997;106;49;-5.043038659800814;1;-563.0430386598008
1877;107;50;-3.844406313019878;1;-561.8444063130199
1879;107;50;-102.32334283919073;43;-408.32334283919073
1886;107;50;-6.368491507845248;2;-558.3684915078452
1888;107;50;-4.760864347652936;2;-556.760864347653
1900;107;50;-4.174698365093631;1;-562.1746983650936
1903;107;50;-3.4646685221270976;1;-561.4646685221271
1914;107;50;-3.7758888036571983;1;-561.7758888036572
1917;107;50;-8.473266581629233;2;-560.4732665816292
1918;107;50;-2.711315892086795;1;-560.7113158920868
1919;107;50;-6.920011347131338;2;-558.9200113471313
1923;107;50;-3.3195711037947255;1;-561.3195711037947
1924;107;50;-4.273251101033776;1;-562.2732511010338
1926;107;50;-10.888364036409108;3;-556.8883640364091
1929;107;50;-5.191040591884947;2;-557.191040591885
1930;107;50;-8.004497278548646;2;-560.0044972785487
1942;107;50;-5.101926369231039;2;-557.101926369231
1943;107;50;-17.218158078982565;5;-551.2181580789826
1947;107;50;-2.207517137184138;1;-560.2075171371841
1948;107;50;-4.092614412441452;1;-562.0926144124414
1954;107;50;-9.25371247745278;2;-561.2537124774528
1955;107;50;-2.7524626287111786;1;-560.7524626287112
1960;107;50;-5.82643826626834;2;-557.8264382662684
1963;107;50;-6.242463793271924;2;-558.2424637932719
1964;107;50;-2.3839337056604113;1;-560.3839337056604
1966;107;50;-3.019704316518735;1;-561.0197043165188
1976;107;50;-3.686512850840585;1;-561.6865128508406
1979;107;50;-12.556405455359346;4;-552.5564054553594
1994;107;50;-17.516229957167134;5;-551.5162299571672
1997;107;50;-3.188157336897213;1;-561.1881573368972
1855;108;53;-4.145966400835539;1;-562.1459664008355
1860;108;53;-3.919442837379409;1;-561.9194428373794
1879;108;53;-113.18581899137493;43;-419.18581899137496
1886;108;53;-4.826336069645667;1;-562.8263360696457
1888;108;53;-5.44772981003492;2;-557.447729810035
1910;108;53;-5.58539378955229;1;-563.5853937895523
1913;108;53;-3.7664563741374657;1;-561.7664563741374
1914;108;53;-5.375523313978076;1;-563.3755233139781
1919;108;53;-18.438941649534147;4;-558.4389416495342
1923;108;53;-10.272550072676413;2;-562.2725500726764
1924;108;53;-5.732614651043522;1;-563.7326146510435
1929;108;53;-5.122227567399145;2;-557.1222275673991
1935;108;53;-4.411589941418097;1;-562.4115899414181
1942;108;53;-3.4154197773224584;1;-561.4154197773224
1944;108;53;-4.550616494663645;1;-562.5506164946637
1947;108;53;-3.000380776847099;1;-561.0003807768471
1955;108;53;-5.216060253533381;1;-563.2160602535333
1966;108;53;-5.0760795012582625;1;-563.0760795012583
1979;108;53;-13.375160314524951;3;-559.3751603145249
1997;108;53;-5.021249023649005;1;-563.021249023649
1879;109;54;-108.96681650481804;46;-396.96681650481804
1886;109;54;-6.408831673947808;2;-558.4088316739478
1888;109;54;-5.235904037888739;2;-557.2359040378888
1900;109;54;-4.329374750428175;1;-562.3293747504282
1914;109;54;-3.7053244843736057;1;-561.7053244843736
1917;109;54;-8.788189628463588;2;-560.7881896284636
1918;109;54;-2.714795809182049;1;-560.7147958091821
1919;109;54;-6.919756384657219;2;-558.9197563846573
1923;109;54;-3.3433258011175866;1;-561.3433258011175
1924;109;54;-4.205085838100726;1;-562.2050858381007
1926;109;54;-15.019810951649962;4;-555.01981095165
1929;109;54;-2.6024179816198303;1;-560.6024179816199
1930;109;54;-8.000468358687803;2;-560.0004683586878
1942;109;54;-5.112377536161612;2;-557.1123775361616
1943;109;54;-17.21731527448021;5;-551.2173152744803
1947;109;54;-2.2279984424723778;1;-560.2279984424724
1948;109;54;-4.106477663049043;1;-562.1064776630491
1954;109;54;-9.183504230490293;2;-561.1835042304903
1955;109;54;-2.7568506944866824;1;-560.7568506944867
1960;109;54;-5.846897361090329;2;-557.8468973610903
1963;109;54;-6.235489658621896;2;-558.2354896586219
1964;109;54;-2.401556678674377;1;-560.4015566786744
1966;109;54;-3.0199841024675904;1;-561.0199841024676
1976;109;54;-3.7212974771176808;1;-561.7212974771177
1979;109;54;-8.205308468005054;3;-554.205308468005
1994;109;54;-17.672291554954253;5;-551.6722915549542
1997;109;54;-3.1698018763481235;1;-561.1698018763482
1855;110;57;-3.8119903253183596;1;-561.8119903253183
1879;110;57;-112.58933117640854;44;-412.58933117640856
1886;110;57;-4.74574206596806;1;-562.7457420659681
1888;110;57;-7.991792258733283;2;-559.9917922587333
1913;110;57;-4.05981747391836;1;-562.0598174739183
1914;110;57;-5.474486333351482;1;-563.4744863333515
1919;110;57;-18.9374964778774;4;-558.9374964778774
1923;110;57;-10.468139476304122;2;-562.4681394763041
1924;110;57;-5.843542970916051;1;-563.843542970916
1929;110;57;-4.954995515138327;2;-556.9549955151383
1935;110;57;-4.484200297799052;1;-562.484200297799
1942;110;57;-3.643063894212141;1;-561.6430638942121
1944;110;57;-4.826870054041829;1;-562.8268700540418
1947;110;57;-3.1172599032061283;1;-561.1172599032061
1955;110;57;-5.320907753967183;1;-563.3209077539672
1966;110;57;-5.226508924468594;1;-563.2265089244686
1979;110;57;-7.8430687720258865;2;-559.8430687720258
1997;110;57;-5.18180138775935;1;-563.1818013877594
1855;111;58;-3.596558691810964;1;-561.596558691811
1869;111;58;-8.358337003518251;2;-560.3583370035183
1879;111;58;-118.07997471341415;44;-418.0799747134141
1886;111;58;-4.747498018339989;1;-562.74749801834
1913;111;58;-4.230120487505561;1;-562.2301204875056
1914;111;58;-5.540537929393722;1;-563.5405379293937
1919;111;58;-19.368519793860727;4;-559.3685197938607
1921;111;58;-5.856391074915469;1;-563.8563910749155
1923;111;58;-10.197999778647524;2;-562.1979997786475
1924;111;58;-5.552430286995783;1;-563.5524302869958
1929;111;58;-5.216035276856745;2;-557.2160352768567
1935;111;58;-4.4906632982073935;1;-562.4906632982074
1942;111;58;-3.6441960729266003;1;-561.6441960729265
1944;111;58;-4.676912198360904;1;-562.6769121983609
1947;111;58;-3.0220633606303777;1;-561.0220633606303
1955;111;58;-5.306621177758096;1;-563.3066211777581
1966;111;58;-5.235000620675456;1;-563.2350006206755
1979;111;58;-7.746407270751597;2;-559.7464072707515
1997;111;58;-4.999389011516928;1;-562.9993890115169
1869;112;59;-3.0815368542051633;1;-561.0815368542052
1879;112;59;-103.4211815772656;44;-403.4211815772656
1886;112;59;-6.965418251010776;2;-558.9654182510108
1898;112;59;-5.233810767187116;1;-563.2338107671872
1910;112;59;-3.6494403960610553;1;-561.6494403960611
1914;112;59;-3.8501266621521735;1;-561.8501266621522
1917;112;59;-4.116943169271273;1;-562.1169431692713
1918;112;59;-2.79756422620457;1;-560.7975642262046
1919;112;59;-7.1897712192693195;2;-559.1897712192693
1921;112;59;-4.518636698906226;1;-562.5186366989062
1923;112;59;-8.34874263633523;2;-560.3487426363353
1924;112;59;-4.010316705947107;1;-562.0103167059472
1926;112;59;-15.783623945641924;4;-555.7836239456419
1929;112;59;-7.921874481210034;3;-553.92187448121
1930;112;59;-8.468715693880746;2;-560.4687156938808
1942;112;59;-5.287608485372198;2;-557.2876084853722
1943;112;59;-17.60941913705497;5;-551.6094191370549
1944;112;59;-2.4508573238661793;1;-560.4508573238662
1947;112;59;-2.2933927422763176;1;-560.2933927422763
1948;112;59;-4.2839721421727;1;-562.2839721421727
1954;112;59;-4.763730455854542;1;-562.7637304558546
1955;112;59;-2.8997405363700857;1;-560.8997405363701
1960;112;59;-2.5254867529406413;1;-560.5254867529407
1963;112;59;-6.338174214694105;2;-558.338174214694
1964;112;59;-2.612318475793003;1;-560.612318475793
1966;112;59;-3.0976993613556107;1;-561.0976993613556
1976;112;59;-4.115421183384631;1;-562.1154211833847
1979;112;59;-8.4560474924676;3;-554.4560474924676
1994;112;59;-19.046388580768753;5;-553.0463885807687
1997;112;59;-3.1283235133916145;1;-561.1283235133916
1855;113;62;-6.828735514650745;2;-558.8287355146507
1869;113;62;-8.607033490508979;2;-560.607033490509
1879;113;62;-121.90674370917252;43;-427.90674370917253
1886;113;62;-4.812324933789814;1;-562.8123249337898
1913;113;62;-4.5066601191053275;1;-562.5066601191053
1914;113;62;-5.704957139419749;1;-563.7049571394198
1919;113;62;-13.884157143157285;3;-559.8841571431573
1921;113;62;-5.755217500745585;1;-563.7552175007456
1923;113;62;-10.077692602218374;2;-562.0776926022183
1924;113;62;-5.389568668953761;1;-563.3895686689538
1929;113;62;-5.577678149530593;2;-557.5776781495306
1935;113;62;-4.545040283593396;1;-562.5450402835934
1942;113;62;-3.7181569924151914;1;-561.7181569924152
1944;113;62;-4.6705487960468695;1;-562.6705487960469
1947;113;62;-2.9522048390995335;1;-560.9522048390995
1955;113;62;-5.389631803782059;1;-563.3896318037821
1966;113;62;-5.331733725069448;1;-563.3317337250694
1979;113;62;-7.828129862934427;2;-559.8281298629345
1997;113;62;-4.949112024944452;1;-562.9491120249445
1869;114;63;-3.1425915676922274;1;-561.1425915676922
1879;114;63;-102.93539844538753;43;-408.93539844538753
1886;114;63;-7.081298077758926;2;-559.0812980777589
1898;114;63;-5.119442023475438;1;-563.1194420234755
1910;114;63;-3.7316175778553915;1;-561.7316175778554
1914;114;63;-3.9702317959353834;1;-561.9702317959354
1917;114;63;-4.149836293575915;1;-562.149836293576
1918;114;63;-2.8117398235082325;1;-560.8117398235082
1919;114;63;-7.32828644188275;2;-559.3282864418827
1921;114;63;-4.441062232275478;1;-562.4410622322755
1923;114;63;-8.451975388362362;2;-560.4519753883624
1924;114;63;-3.86390109596529;1;-561.8639010959653
1926;114;63;-16.02333090205631;4;-556.0233309020563
1929;114;63;-7.941835217979495;3;-553.9418352179795
1930;114;63;-8.69480845264239;2;-560.6948084526424
1935;114;63;-3.4754783524569706;1;-561.475478352457
1942;114;63;-5.359804460803513;2;-557.3598044608035
1943;114;63;-17.733242369167655;5;-551.7332423691677
1944;114;63;-2.4468355468339165;1;-560.4468355468339
1947;114;63;-2.288724729057841;1;-560.2887247290579
1948;114;63;-4.313989049329361;1;-562.3139890493294
1954;114;63;-4.769386647014053;1;-562.769386647014
1955;114;63;-2.925696384754566;1;-560.9256963847546
1960;114;63;-2.5559541078145256;1;-560.5559541078145
1963;114;63;-6.39005313017415;2;-558.3900531301741
1964;114;63;-2.65628864928349;1;-560.6562886492835
1966;114;63;-3.1293203011445967;1;-561.1293203011446
1976;114;63;-4.197243272973098;1;-562.1972432729731
1979;114;63;-8.563602440683466;3;-554.5636024406834
1994;114;63;-19.343445316958636;5;-553.3434453169587
1997;114;63;-3.103882751579151;1;-561.1038827515791
1855;115;66;-17.39486716023199;4;-557.394867160232
1860;115;66;-4.078284259867647;1;-562.0782842598677
1869;115;66;-9.200583876753427;2;-561.2005838767534
1879;115;66;-111.60716001619942;39;-441.60716001619943
1886;115;66;-4.963140742224185;1;-562.9631407422241
1913;115;66;-4.980670469447284;1;-562.9806704694473
1919;115;66;-14.523514475789348;3;-560.5235144757894
1921;115;66;-5.7285984783352575;1;-563.7285984783352
1923;115;66;-10.086535861095479;2;-562.0865358610955
1924;115;66;-5.3503281232927185;1;-563.3503281232927
1929;115;66;-6.223466065502895;2;-558.2234660655029
1935;115;66;-4.655976209554835;1;-562.6559762095549
1942;115;66;-3.8783360519049475;1;-561.878336051905
1944;115;66;-4.821468490092965;1;-562.8214684900929
1947;115;66;-2.9005532470337934;1;-560.9005532470338
1955;115;66;-5.612148028766356;1;-563.6121480287663
1966;115;66;-5.545033147133993;1;-563.545033147134
1979;115;66;-8.115984162205077;2;-560.1159841622051
1997;115;66;-5.038808530308041;1;-563.0388085303081
1855;116;67;-12.484440445900166;3;-558.4844404459002
1860;116;67;-7.994548914567101;2;-559.9945489145671
1869;116;67;-14.107864284683469;3;-560.1078642846835
1879;116;67;-114.4371011387798;36;-462.4371011387798
1886;116;67;-5.359879378844064;1;-563.3598793788441
1913;116;67;-5.486297076455881;1;-563.4862970764559
1919;116;67;-15.780243888151642;3;-561.7802438881516
1923;116;67;-4.664101458550748;1;-562.6641014585507
1924;116;67;-5.021093648992068;1;-563.0210936489921
1929;116;67;-6.352500818658497;2;-558.3525008186585
1935;116;67;-4.960114484456045;1;-562.9601144844561
1942;116;67;-4.009856314774335;1;-562.0098563147743
1944;116;67;-8.520637939352355;2;-560.5206379393524
1947;116;67;-3.1755061797487074;1;-561.1755061797487
1955;116;67;-5.550465348750579;1;-563.5504653487505
1966;116;67;-5.532448524943927;1;-563.5324485249439
1979;116;67;-7.989799175722571;2;-559.9897991757226
1997;116;67;-4.743975083593935;1;-562.7439750835939
1855;117;68;-3.5403241619599686;1;-561.5403241619599
1869;117;68;-11.101229119030219;3;-557.1012291190302
1879;117;68;-129.44320863109652;42;-441.4432086310965
1882;117;68;-5.136277655570809;1;-563.1362776555708
1886;117;68;-9.81225785910124;2;-561.8122578591012
1898;117;68;-5.915373887920429;1;-563.9153738879204
1906;117;68;-4.8417026080804675;1;-562.8417026080805
1914;117;68;-5.3795229902866835;1;-563.3795229902867
1917;117;68;-5.283763886756132;1;-563.2837638867561
1919;117;68;-9.425196117268774;2;-561.4251961172688
1923;117;68;-10.65832851125764;2;-562.6583285112577
1924;117;68;-14.808567512757278;3;-560.8085675127572
1926;117;68;-9.96750574933115;2;-561.9675057493312
1929;117;68;-5.031701150952199;2;-557.0317011509522
1930;117;68;-5.711484839868506;1;-563.7114848398685
1935;117;68;-4.182487439874727;1;-562.1824874398748
1942;117;68;-3.1487919235783863;1;-561.1487919235784
1943;117;68;-22.519561129447442;5;-556.5195611294474
1944;117;68;-5.669159856798277;2;-557.6691598567983
1947;117;68;-2.831067516957759;1;-560.8310675169578
1948;117;68;-5.386512684938068;1;-563.3865126849381
1951;117;68;-5.739023757182426;1;-563.7390237571824
1954;117;68;-5.921928351561713;1;-563.9219283515617
1955;117;68;-3.932330281987886;1;-561.9323302819879
1963;117;68;-8.157082242613068;2;-560.1570822426131
1964;117;68;-3.82661605894407;1;-561.8266160589441
1966;117;68;-4.074413823917773;1;-562.0744138239178
1979;117;68;-11.940245763772925;3;-557.940245763773
1994;117;68;-21.592121669009078;4;-561.5921216690091
1997;117;68;-3.3926178752533938;1;-561.3926178752534
1855;118;71;-14.59239151727158;3;-560.5923915172716
1860;118;71;-11.074032509014884;3;-557.0740325090148
1869;118;71;-15.499981126232893;3;-561.4999811262329
1879;118;71;-94.00598847176781;28;-490.0059884717678
1923;118;71;-5.344931663704351;1;-563.3449316637043
1924;118;71;-5.066669617707592;1;-563.0666696177076
1929;118;71;-6.708340922668151;2;-558.7083409226682
1935;118;71;-5.811184993836487;1;-563.8111849938365
1942;118;71;-4.637189146417859;1;-562.6371891464179
1943;118;71;-5.848086528416697;1;-563.8480865284167
1944;118;71;-8.551080087758976;2;-560.5510800877589
1947;118;71;-3.691155459468577;1;-561.6911554594686
1955;118;71;-5.841184153656668;1;-563.8411841536566
1966;118;71;-5.870112131595268;1;-563.8701121315953
1979;118;71;-8.70884507201642;2;-560.7088450720164
1997;118;71;-4.935511211886502;1;-562.9355112118865
1860;119;72;-9.755294432266279;3;-555.7552944322663
1869;119;72;-11.638777754274491;3;-557.6387777542745
1879;119;72;-120.30899752700496;36;-468.308997527005
1886;119;72;-10.380386720401027;2;-562.380386720401
1898;119;72;-5.96366986801489;1;-563.9636698680149
1903;119;72;-5.399065873259908;1;-563.3990658732599
1906;119;72;-5.009958473121051;1;-563.0099584731211
1914;119;72;-5.966813183070979;1;-563.9668131830709
1917;119;72;-5.414592839113307;1;-563.4145928391133
1918;119;72;-4.035205690152586;1;-562.0352056901526
1919;119;72;-10.345892793316112;2;-562.3458927933161
1923;119;72;-11.167429467129082;2;-563.1674294671291
1924;119;72;-19.475867692474303;4;-559.4758676924743
1926;119;72;-10.237842403616622;2;-562.2378424036166
1929;119;72;-4.977562953588874;2;-556.9775629535889
1935;119;72;-4.669860374378146;1;-562.6698603743781
1942;119;72;-3.4838190106407305;1;-561.4838190106408
1943;119;72;-21.622378550264013;5;-555.622378550264
1944;119;72;-5.553207189901622;2;-557.5532071899016
1945;119;72;-5.552175939785276;1;-563.5521759397852
1947;119;72;-3.0751075610913836;1;-561.0751075610914
1948;119;72;-5.343992219092159;1;-563.3439922190921
1951;119;72;-5.681438967075097;1;-563.6814389670751
1954;119;72;-5.930136648443055;1;-563.9301366484431
1955;119;72;-3.9216184588086476;1;-561.9216184588087
1963;119;72;-8.744006701991585;2;-560.7440067019916
1966;119;72;-9.632434121627204;2;-561.6324341216272
1979;119;72;-6.340754276977194;2;-558.3407542769772
1981;119;72;-5.277309718828848;1;-563.2773097188289
1984;119;72;-5.8012610528107;1;-563.8012610528107
1994;119;72;-22.492158720877548;4;-562.4921587208776
1997;119;72;-3.425838669270644;1;-561.4258386692707
1855;120;76;-11.346768419934552;4;-551.3467684199345
1879;120;76;-120.29704050817709;46;-408.2970405081771
1882;120;76;-5.424017789777641;1;-563.4240177897776
1886;120;76;-7.774368586232036;2;-559.7743685862321
1906;120;76;-8.406826370814194;2;-560.4068263708142
1913;120;76;-11.548670109724457;2;-563.5486701097244
1914;120;76;-4.906131007341241;1;-562.9061310073413
1917;120;76;-5.661489413445701;1;-563.6614894134457
1919;120;76;-12.337799925159027;3;-558.3377999251591
1921;120;76;-4.502411902715465;1;-562.5024119027155
1923;120;76;-5.991785491885413;2;-557.9917854918854
1924;120;76;-5.042261454958157;1;-563.0422614549582
1935;120;76;-15.552929870481137;3;-561.5529298704812
1942;120;76;-2.8692928030859064;1;-560.869292803086
1943;120;76;-15.25685389615959;3;-561.2568538961596
1947;120;76;-1.6424507198188105;1;-559.6424507198188
1955;120;76;-4.55111312444905;1;-562.5511131244491
1960;120;76;-3.94652080279901;1;-561.946520802799
1963;120;76;-9.788665631531686;2;-561.7886656315317
1964;120;76;-4.3597274454572315;1;-562.3597274454572
1966;120;76;-4.712726465490373;1;-562.7127264654904
1976;120;76;-5.6041859648576535;1;-563.6041859648576
1979;120;76;-6.346589959997017;2;-558.346589959997
1994;120;76;-11.110743964355327;2;-563.1107439643554
1997;120;76;-4.265390330798522;1;-562.2653903307985
1855;121;77;-8.830750954188002;3;-554.830750954188
1879;121;77;-106.34931362827804;45;-400.349313628278
1882;121;77;-3.9587488262743653;1;-561.9587488262744
1886;121;77;-6.282368047527157;2;-558.2823680475271
1898;121;77;-5.1929316053540315;1;-563.192931605354
1906;121;77;-7.200994295861726;2;-559.2009942958617
1914;121;77;-4.136604911282581;1;-562.1366049112826
1917;121;77;-4.493662687627509;1;-562.4936626876275
1918;121;77;-2.4510132463939795;1;-560.4510132463939
1919;121;77;-7.486495746512066;2;-559.4864957465121
1921;121;77;-4.113758932478514;1;-562.1137589324785
1923;121;77;-10.195836503085259;3;-556.1958365030853
1924;121;77;-4.3196277897576465;1;-562.3196277897576
1926;121;77;-8.41855682295272;2;-560.4185568229527
1930;121;77;-4.759363121567273;1;-562.7593631215673
1935;121;77;-3.5586474628520857;1;-561.558647462852
1936;121;77;-4.602906310695571;1;-562.6029063106955
1942;121;77;-2.4028328704925332;1;-560.4028328704925
1943;121;77;-18.337825399193125;5;-552.3378253991931
1944;121;77;-2.847327576946466;1;-560.8473275769464
1947;121;77;-5.209281173308334;2;-557.2092811733083
1948;121;77;-4.801935716580482;1;-562.8019357165805
1954;121;77;-5.271224011778534;1;-563.2712240117785
1955;121;77;-3.323033793135181;1;-561.3230337931352
1960;121;77;-2.7606693655114003;1;-560.7606693655114
1963;121;77;-6.7834242840184285;2;-558.7834242840185
1976;121;77;-4.088333333270194;1;-562.0883333332702
1979;121;77;-10.102245588873076;3;-556.1022455888731
1994;121;77;-21.326212411211536;5;-555.3262124112115
1997;121;77;-3.362556378885337;1;-561.3625563788853
1855;122;80;-10.285430221207756;4;-550.2854302212078
1859;122;80;-5.451760945198023;1;-563.451760945198
1879;122;80;-124.24884466396946;46;-412.24884466396946
1882;122;80;-5.628675060799558;1;-563.6286750607995
1886;122;80;-7.198787431305751;2;-559.1987874313057
1906;122;80;-9.403458130428188;2;-561.4034581304281
1913;122;80;-5.34051457715581;1;-563.3405145771558
1914;122;80;-5.254956173503884;1;-563.2549561735038
1919;122;80;-9.373869976658304;2;-561.3738699766583
1921;122;80;-4.502060086915526;1;-562.5020600869155
1923;122;80;-5.863137406405506;2;-557.8631374064055
1935;122;80;-4.237537044400899;1;-562.2375370444009
1942;122;80;-2.5978658458632884;1;-560.5978658458633
1943;122;80;-24.436572349081793;5;-558.4365723490818
1947;122;80;-6.9511375526880865;2;-558.9511375526881
1955;122;80;-4.890280681045286;1;-562.8902806810453
1960;122;80;-4.063290099078566;1;-562.0632900990786
1963;122;80;-10.01418386959935;2;-562.0141838695994
1976;122;80;-5.469520615969971;1;-563.4695206159699
1979;122;80;-6.46937681487166;2;-558.4693768148717
1994;122;80;-5.095140555966496;1;-563.0951405559665
1997;122;80;-4.735734289731827;1;-562.7357342897318
1855;123;81;-7.753618269410907;3;-553.7536182694109
1879;123;81;-110.81778441540524;46;-398.81778441540524
1882;123;81;-4.018239637748847;1;-562.0182396377488
1886;123;81;-5.634515480880205;2;-557.6345154808802
1898;123;81;-5.444189411869415;1;-563.4441894118694
1904;123;81;-3.5947145084070016;1;-561.594714508407
1914;123;81;-4.284749043388298;1;-562.2847490433883
1918;123;81;-2.1313088141979617;1;-560.131308814198
1919;123;81;-3.6008319510899627;1;-561.60083195109
1921;123;81;-9.301166523827053;2;-561.3011665238271
1923;123;81;-11.015795782118072;3;-557.0157957821181
1926;123;81;-4.576331911007825;1;-562.5763319110079
1930;123;81;-4.833631417688488;1;-562.8336314176885
1935;123;81;-3.60190563036448;1;-561.6019056303645
1936;123;81;-4.4146210881919865;1;-562.414621088192
1942;123;81;-2.238830634394244;1;-560.2388306343943
1943;123;81;-25.790806729809372;7;-547.7908067298093
1947;123;81;-10.308794130779233;3;-556.3087941307792
1955;123;81;-3.5805005426753467;1;-561.5805005426754
1960;123;81;-2.878924364904045;1;-560.878924364904
1963;123;81;-7.0186324194646605;2;-559.0186324194647
1976;123;81;-8.145676487573212;2;-560.1456764875732
1979;123;81;-14.243246519584506;4;-554.2432465195845
1994;123;81;-21.89635792078719;5;-555.8963579207872
1997;123;81;-8.670029991496468;2;-560.6700299914964
1879;124;85;-88.07937681408298;51;-346.079376814083
1886;124;85;-8.964215767481306;2;-560.9642157674813
1913;124;85;-9.061586174951657;2;-561.0615861749517
1914;124;85;-4.7449310454906035;1;-562.7449310454906
1916;124;85;-3.2202317101459097;1;-561.2202317101459
1919;124;85;-10.839873207727276;3;-556.8398732077272
1921;124;85;-5.4444595718420254;1;-563.444459571842
1923;124;85;-4.1278393787621;1;-562.1278393787621
1924;124;85;-5.985288882416715;1;-563.9852888824167
1926;124;85;-5.82749159427735;1;-563.8274915942774
1929;124;85;-2.6579082159676997;2;-554.6579082159677
1943;124;85;-16.799753901257557;3;-562.7997539012575
1944;124;85;-4.008938940906062;1;-562.0089389409061
1955;124;85;-4.033238763301501;1;-562.0332387633015
1960;124;85;-5.168727238902086;1;-563.1687272389021
1963;124;85;-10.317684330739802;2;-562.3176843307398
1966;124;85;-4.303813399913302;1;-562.3038133999133
1976;124;85;-4.7230700892398625;1;-562.7230700892399
1979;124;85;-16.755304272793587;4;-556.7553042727936
1994;124;85;-10.406392541115775;2;-562.4063925411158
1997;124;85;-4.318784448235335;1;-562.3187844482353
1879;125;86;-99.171105178332;52;-351.171105178332
1886;125;86;-5.956551110910551;2;-557.9565511109106
1900;125;86;-4.656972003719365;1;-562.6569720037194
1914;125;86;-3.5997956665182365;1;-561.5997956665183
1919;125;86;-6.3381768387590345;2;-558.3381768387591
1921;125;86;-4.504842742152707;1;-562.5048427421527
1923;125;86;-3.611389055493042;1;-561.6113890554931
1926;125;86;-15.272432157902294;4;-555.2724321579022
1929;125;86;-2.1802587084629366;1;-560.1802587084629
1930;125;86;-8.264936261564635;2;-560.2649362615647
1943;125;86;-18.153880792796855;5;-552.1538807927968
1947;125;86;-2.4023348817771493;1;-560.4023348817772
1951;125;86;-3.8626287797823387;1;-561.8626287797823
1954;125;86;-4.782533680760257;1;-562.7825336807603
1955;125;86;-2.797135377627093;1;-560.7971353776271
1960;125;86;-5.7412670469332845;2;-557.7412670469333
1963;125;86;-6.552892822941209;2;-558.5528928229412
1964;125;86;-2.4730659094535605;1;-560.4730659094536
1966;125;86;-3.211059644681328;1;-561.2110596446813
1971;125;86;-5.195589577637261;1;-563.1955895776373
1976;125;86;-3.37370282638454;1;-561.3737028263845
1979;125;86;-8.139387084187206;3;-554.1393870841872
1994;125;86;-19.101495663182142;5;-553.1014956631822
1997;125;86;-7.608241497371343;2;-559.6082414973713
1879;126;89;-68.15514438100811;52;-320.1551443810081
1886;126;89;-2.996545619174125;1;-560.9965456191741
1901;126;89;-4.7330872990316175;1;-562.7330872990316
1913;126;89;-9.546422256021525;2;-561.5464222560215
1914;126;89;-5.321175768224931;1;-563.321175768225
1916;126;89;-13.12064780895159;4;-553.1206478089516
1919;126;89;-11.921533583063756;3;-557.9215335830637
1923;126;89;-4.96551829322766;1;-562.9655182932277
1929;126;89;-1.690192648588604;1;-559.6901926485885
1943;126;89;-11.463308818154289;2;-563.4633088181542
1955;126;89;-4.2580539851746;1;-562.2580539851746
1960;126;89;-9.777514924102228;2;-561.7775149241022
1963;126;89;-5.166203480852085;1;-563.1662034808521
1966;126;89;-4.95749448589847;1;-562.9574944858985
1976;126;89;-4.975906380440173;1;-562.9759063804402
1979;126;89;-10.548067345524181;2;-562.5480673455241
1994;126;89;-5.4407781784999045;1;-563.4407781785
1997;126;89;-4.4088938067210295;1;-562.408893806721
1879;127;90;-78.18489230423326;53;-324.18489230423324
1886;127;90;-6.051464121915595;2;-558.0514641219156
1897;127;90;-5.243069163560516;1;-563.2430691635606
1914;127;90;-3.810397431188148;1;-561.8103974311881
1916;127;90;-6.3940681015091325;2;-558.3940681015091
1919;127;90;-9.919870165268097;3;-555.9198701652681
1921;127;90;-4.750813137294981;1;-562.7508131372949
1926;127;90;-11.69556207879613;3;-557.6955620787961
1930;127;90;-4.531918998140166;1;-562.5319189981402
1940;127;90;-4.858621934688816;1;-562.8586219346888
1943;127;90;-16.09236466879887;4;-556.0923646687988
1951;127;90;-3.9313704949933843;1;-561.9313704949934
1954;127;90;-5.256588850616496;1;-563.2565888506165
1955;127;90;-7.516274738715553;2;-559.5162747387155
1960;127;90;-6.023523973352431;2;-558.0235239733524
1963;127;90;-7.154816502531872;2;-559.1548165025318
1964;127;90;-2.6300300184504897;1;-560.6300300184505
1976;127;90;-3.5024809307692446;1;-561.5024809307693
1979;127;90;-15.521581111122892;5;-549.5215811111229
1994;127;90;-17.1035921751456;4;-557.1035921751456
1997;127;90;-12.580961033439047;3;-558.580961033439
1879;128;93;-44.35864533886231;40;-368.3586453388623
1916;128;93;-13.922889390626201;3;-559.9228893906262
1879;129;95;-63.71620798069754;45;-357.71620798069756
1916;129;95;-11.445581415913553;3;-557.4455814159136
1879;130;96;-58.42718762417696;53;-304.42718762417695
1886;130;96;-7.136706461206246;2;-559.1367064612062
1897;130;96;-15.505883333660488;3;-561.5058833336604
1901;130;96;-3.8453423179139437;1;-561.845342317914
1902;130;96;-4.833220368622306;1;-562.8332203686223
1911;130;96;-4.405990125198161;1;-562.4059901251982
1916;130;96;-12.694042663912997;5;-546.694042663913
1919;130;96;-21.529077403357462;5;-555.5290774033574
1926;130;96;-4.154071589397331;1;-562.1540715893973
1931;130;96;-11.751442171206708;2;-563.7514421712067
1934;130;96;-5.107467944937263;1;-563.1074679449373
1937;130;96;-4.422518555269696;1;-562.4225185552697
1940;130;96;-5.5487984904848195;1;-563.5487984904848
1941;130;96;-5.447952050071296;1;-563.4479520500713
1943;130;96;-11.21235275567037;2;-563.2123527556704
1951;130;96;-4.731687671766602;1;-562.7316876717666
1954;130;96;-5.975160143867471;1;-563.9751601438675
1955;130;96;-20.218437241445603;4;-560.2184372414456
1960;130;96;-3.3019319231872175;1;-561.3019319231872
1963;130;96;-3.908162746432168;1;-561.9081627464321
1964;130;96;-3.1953551293375155;1;-561.1953551293375
1979;130;96;-8.375445368867663;2;-560.3754453688676
1997;130;96;-8.831906001821064;2;-560.831906001821
1879;131;99;-61.95336271659781;45;-355.9533627165978
1916;131;99;-11.507145745047378;3;-557.5071457450474
1879;132;100;-58.07096771356254;53;-304.07096771356254
1886;132;100;-7.279829061042777;2;-559.2798290610427
1897;132;100;-9.667133561199122;2;-561.6671335611991
1901;132;100;-3.88784684277096;1;-561.887846842771
1902;132;100;-4.9188524689490265;1;-562.918852468949
1911;132;100;-4.469558683145375;1;-562.4695586831454
1916;132;100;-12.771693298555505;5;-546.7716932985555
1919;132;100;-21.994406376742816;5;-555.9944063767429
1926;132;100;-4.232280387934098;1;-562.2322803879341
1931;132;100;-5.964492622711715;1;-563.9644926227118
1934;132;100;-5.1898339011950245;1;-563.189833901195
1937;132;100;-4.47526529200524;1;-562.4752652920052
1940;132;100;-5.658856529425552;1;-563.6588565294255
1941;132;100;-5.5551073926903625;1;-563.5551073926904
1943;132;100;-11.303082390397979;2;-563.303082390398
1951;132;100;-4.822894900661627;1;-562.8228949006616
1955;132;100;-20.59982265847505;4;-560.5998226584751
1963;132;100;-7.174563033525731;2;-559.1745630335257
1964;132;100;-3.538616963077835;1;-561.5386169630779
1979;132;100;-8.899109987725776;2;-560.8991099877258
1997;132;100;-9.333820330178641;2;-561.3338203301787
1879;133;103;-40.18998471089855;40;-364.18998471089856
1916;133;103;-17.291394348681735;3;-563.2913943486817
1879;134;105;-33.89251353745029;39;-363.89251353745027
1941;134;105;-4.043435691275412E-5;1;-558.000040434357
1879;135;107;-45.05178874123235;44;-345.0517887412324
1916;135;107;-11.60863472673547;2;-563.6086347267354
1941;135;107;-1.1461855359813744E-4;1;-558.0001146185537
1879;136;109;-38.023054934367416;46;-326.0230549343674
1916;136;109;-14.697466536815876;3;-560.6974665368159
1879;137;111;-40.326147643356705;53;-286.3261476433567
1916;137;111;-9.770471370217589;3;-555.7704713702176
1963;137;111;-5.71150369943033;1;-563.7115036994303
1879;138;112;-38.0160739643701;53;-284.0160739643701
1882;138;112;-4.764866811386511;1;-562.7648668113865
1886;138;112;-3.150142565114112;1;-561.1501425651142
1897;138;112;-15.812020982234397;3;-561.8120209822343
1901;138;112;-4.284275393666638;1;-562.2842753936667
1902;138;112;-5.658826455188543;1;-563.6588264551885
1911;138;112;-4.818887808253838;1;-562.8188878082539
1916;138;112;-14.092634210988049;5;-548.0926342109881
1919;138;112;-18.492454720342497;4;-558.4924547203425
1927;138;112;-5.243596332331938;1;-563.2435963323319
1937;138;112;-9.682733390836479;2;-561.6827333908365
1941;138;112;-5.535510906517129;1;-563.5355109065172
1943;138;112;-26.526683488993893;5;-560.5266834889939
1955;138;112;-10.270020024373775;2;-562.2700200243738
1963;138;112;-7.406018720614917;2;-559.406018720615
1964;138;112;-4.907023151703508;1;-562.9070231517035
1979;138;112;-5.3627284964512265;1;-563.3627284964513
1988;138;112;-5.787683939884345;1;-563.7876839398843
1997;138;112;-4.410223580905223;1;-562.4102235809053
1879;139;115;-33.077032171457645;53;-279.07703217145763
1916;139;115;-10.676893037067527;3;-556.6768930370675
1963;139;115;-5.711584789172052;1;-563.7115847891721
1879;140;116;-30.207668053547213;53;-276.2076680535472
1882;140;116;-5.037411107962639;1;-563.0374111079626
1886;140;116;-3.424077041124326;1;-561.4240770411243
1897;140;116;-16.93236618451079;3;-562.9323661845108
1901;140;116;-4.771542220830648;1;-562.7715422208306
1911;140;116;-5.171240433726501;1;-563.1712404337266
1916;140;116;-15.987790414117946;5;-549.987790414118
1919;140;116;-20.07988722303904;4;-560.079887223039
1927;140;116;-5.741005405743229;1;-563.7410054057432
1937;140;116;-10.436976697766621;2;-562.4369766977666
1941;140;116;-5.9899152410793075;1;-563.9899152410793
1943;140;116;-26.68476808597783;5;-560.6847680859778
1955;140;116;-4.657522677590769;1;-562.6575226775908
1963;140;116;-7.742388722584665;2;-559.7423887225847
1964;140;116;-5.314636314043708;1;-563.3146363140437
1984;140;116;-5.519051799096157;1;-563.5190517990961
1988;140;116;-5.528708637133888;1;-563.5287086371338
1997;140;116;-4.766130506310298;1;-562.7661305063103
1879;141;119;-37.236938535643;51;-295.236938535643
1879;142;120;-46.22789043150094;51;-304.22789043150095
1879;143;122;-61.302040863645765;51;-319.30204086364574
1879;144;124;-31.116715731275722;45;-325.11671573127575
1879;145;127;-46.52675412335066;53;-292.52675412335066
1879;146;128;-45.19431480615495;53;-291.1943148061549
1879;147;131;-39.475446045986466;53;-285.4754460459865
1879;148;132;-19.803113604650164;53;-265.80311360465015
1886;148;132;-4.834898632598521;1;-562.8348986325985
1916;148;132;-12.173629725223176;3;-558.1736297252231
1943;148;132;-5.9758697833832235;1;-563.9758697833832
1963;148;132;-9.647613118739532;2;-561.6476131187395
1879;149;135;-0.0013491152613811584;45;-294.0013491152614
1879;150;136;-0.014359055858889217;45;-294.0143590558589
1879;151;138;-0.03215852966997392;45;-294.03215852966997
1879;152;140;-55.474273570067496;53;-301.4742735700675
1916;152;140;-15.814700649106332;3;-561.8147006491064
1879;153;142;-45.85178822182023;53;-291.85178822182024
1916;153;142;-11.092616680507685;3;-557.0926166805077
1879;154;143;-31.510957720650083;53;-277.5109577206501
1886;154;143;-4.828594382452543;1;-562.8285943824526
1901;154;143;-5.703292360071585;1;-563.7032923600716
1916;154;143;-18.272150406425;5;-552.272150406425
1963;154;143;-9.65676036278126;2;-561.6567603627813
1879;155;146;-53.10035803628502;53;-299.100358036285
1916;155;146;-11.067984156948022;3;-557.067984156948
1879;156;147;-37.475272539732465;53;-283.4752725397325
1886;156;147;-4.82875799534092;1;-562.8287579953409
1901;156;147;-5.691155869757928;1;-563.691155869758
1916;156;147;-18.199807109901514;5;-552.1998071099015
1963;156;147;-9.656264765355303;2;-561.6562647653553
1879;157;151;-3.9086506622393174E-7;6;-528.000000390865
1879;158;153;-3.9086506622393174E-7;6;-528.000000390865
1879;159;155;-9.875887835049605E-5;45;-294.0000987588783
1879;160;157;-8.57734006604134E-5;45;-294.00008577340066
1879;161;159;-1.4114578019896694E-5;45;-294.000014114578
