"diasum_pos"	"reference_align_site"	"ratio_node"
"0"	"-142"	"0.0"
"1"	"-141"	"0.0"
"2"	"-140"	"0.0"
"3"	"-139"	"0.0"
"4"	"-138"	"0.0"
"5"	"-137"	"0.0"
"6"	"-136"	"0.0"
"7"	"-135"	"0.0"
"8"	"-134"	"0.0"
"9"	"-133"	"0.0"
"10"	"-132"	"0.0"
"11"	"-131"	"0.0"
"12"	"-130"	"0.0"
"13"	"-129"	"0.0"
"14"	"-128"	"0.0"
"15"	"-127"	"0.0"
"16"	"-126"	"0.0"
"17"	"-125"	"0.0"
"18"	"-124"	"0.0"
"19"	"-123"	"0.0"
"20"	"-122"	"0.0"
"21"	"-121"	"0.0"
"22"	"-120"	"0.0"
"23"	"-119"	"0.0"
"24"	"-118"	"0.0"
"25"	"-117"	"0.0"
"26"	"-116"	"0.0"
"27"	"-115"	"0.0"
"28"	"-114"	"0.0"
"29"	"-113"	"0.0"
"30"	"-112"	"0.0"
"31"	"-111"	"0.0"
"32"	"-110"	"0.0"
"33"	"-109"	"0.0"
"34"	"-108"	"0.0"
"35"	"-107"	"0.0"
"36"	"-106"	"0.0"
"37"	"-105"	"0.0"
"38"	"-104"	"0.0"
"39"	"-103"	"0.0"
"40"	"-102"	"0.0"
"41"	"-101"	"0.0"
"42"	"-100"	"0.0"
"43"	"-99"	"0.0"
"44"	"-98"	"0.0"
"45"	"-97"	"0.0"
"46"	"-96"	"0.0"
"47"	"-95"	"0.0"
"48"	"-94"	"0.0"
"49"	"-93"	"0.0"
"50"	"-92"	"0.0"
"51"	"-91"	"0.0"
"52"	"-90"	"0.0"
"53"	"-89"	"0.0"
"54"	"-88"	"0.0"
"55"	"-87"	"0.0"
"56"	"-86"	"0.0"
"57"	"-85"	"0.0"
"58"	"-84"	"0.0"
"59"	"-83"	"0.0"
"60"	"-82"	"0.0"
"61"	"-81"	"0.0"
"62"	"-80"	"0.0"
"63"	"-79"	"0.0"
"64"	"-78"	"0.0"
"65"	"-77"	"0.0"
"66"	"-76"	"0.0"
"67"	"-75"	"0.0"
"68"	"-74"	"0.0"
"69"	"-73"	"0.0"
"70"	"-72"	"0.0"
"71"	"-71"	"0.0"
"72"	"-70"	"0.0"
"73"	"-69"	"0.0"
"74"	"-68"	"0.0"
"75"	"-67"	"0.0"
"76"	"-66"	"0.0"
"77"	"-65"	"0.0"
"78"	"-64"	"0.0"
"79"	"-63"	"0.0"
"80"	"-62"	"0.0"
"81"	"-61"	"0.0"
"82"	"-60"	"0.0"
"83"	"-59"	"0.0"
"84"	"-58"	"0.0"
"85"	"-57"	"0.0"
"86"	"-56"	"0.0"
"87"	"-55"	"0.0"
"88"	"-54"	"0.0"
"89"	"-53"	"0.0"
"90"	"-52"	"0.0"
"91"	"-51"	"0.0"
"92"	"-50"	"0.0"
"93"	"-49"	"0.0"
"94"	"-48"	"0.0"
"95"	"-47"	"0.0"
"96"	"-46"	"0.0"
"97"	"-45"	"0.0"
"98"	"-44"	"0.0"
"99"	"-43"	"0.0"
"100"	"-42"	"0.0"
"101"	"-41"	"0.0"
"102"	"-40"	"0.0"
"103"	"-39"	"0.0"
"104"	"-38"	"0.0"
"105"	"-37"	"0.0"
"106"	"-36"	"0.0"
"107"	"-35"	"0.0"
"108"	"-34"	"0.0"
"109"	"-33"	"0.0"
"110"	"-32"	"0.0"
"111"	"-31"	"0.0"
"112"	"-30"	"0.0"
"113"	"-29"	"0.0"
"114"	"-28"	"0.0"
"115"	"-27"	"0.0"
"116"	"-26"	"0.0"
"117"	"-25"	"0.0"
"118"	"-24"	"0.0"
"119"	"-23"	"0.0"
"120"	"-22"	"0.0"
"121"	"-21"	"0.0"
"122"	"-20"	"0.0"
"123"	"-19"	"0.0"
"124"	"-18"	"0.0"
"125"	"-17"	"0.0"
"126"	"-16"	"0.0"
"127"	"-15"	"0.0"
"128"	"-14"	"0.0"
"129"	"-13"	"0.0"
"130"	"-12"	"0.0"
"131"	"-11"	"0.0"
"132"	"-10"	"0.0"
"133"	"-9"	"0.0"
"134"	"-8"	"0.0"
"135"	"-7"	"0.0"
"136"	"-6"	"0.0"
"137"	"-5"	"0.0"
"138"	"-4"	"0.0"
"139"	"-3"	"0.0"
"140"	"-2"	"0.0"
"141"	"-1"	"0.0"
"142"	"0"	"0.0"
"143"	"1"	"0.0"
"144"	"2"	"0.0"
"145"	"3"	"0.0"
"146"	"4"	"0.0"
"147"	"5"	"0.0"
"148"	"6"	"0.0"
"149"	"7"	"0.0"
"150"	"8"	"0.0"
"151"	"9"	"0.0"
"152"	"10"	"0.0"
"153"	"11"	"0.0"
"154"	"12"	"0.0"
"155"	"13"	"0.0"
"156"	"14"	"0.0"
"157"	"15"	"0.0"
"158"	"16"	"0.0"
"159"	"17"	"0.0"
"160"	"18"	"0.0"
"161"	"19"	"0.0"
"162"	"20"	"0.0"
"163"	"21"	"0.0"
"164"	"22"	"0.0"
"165"	"23"	"0.0"
"166"	"24"	"0.0"
"167"	"25"	"0.0"
"168"	"26"	"0.0"
"169"	"27"	"0.0"
"170"	"28"	"0.0"
"171"	"29"	"0.0"
"172"	"30"	"0.0"
"173"	"31"	"0.0"
"174"	"32"	"0.0"
"175"	"33"	"0.0"
"176"	"34"	"0.0"
"177"	"35"	"0.0"
"178"	"36"	"0.0"
"179"	"37"	"0.0"
"180"	"38"	"0.0"
"181"	"39"	"0.0"
"182"	"40"	"0.0"
"183"	"41"	"0.0"
"184"	"42"	"0.0"
"185"	"43"	"0.0"
"186"	"44"	"0.0"
"187"	"45"	"0.0"
"188"	"46"	"0.0"
"189"	"47"	"0.0"
"190"	"48"	"0.0"
"191"	"49"	"0.0"
"192"	"50"	"0.0"
"193"	"51"	"0.0"
"194"	"52"	"0.0"
"195"	"53"	"0.0"
"196"	"54"	"0.0"
"197"	"55"	"0.0"
"198"	"56"	"0.0"
"199"	"57"	"0.0"
"200"	"58"	"0.0"
"201"	"59"	"0.0"
"202"	"60"	"0.0"
"203"	"61"	"0.0"
"204"	"62"	"0.0"
"205"	"63"	"0.0"
"206"	"64"	"0.0"
"207"	"65"	"0.0"
"208"	"66"	"0.0"
"209"	"67"	"0.0"
"210"	"68"	"0.0"
"211"	"69"	"0.0"
"212"	"70"	"0.0"
"213"	"71"	"0.0"
"214"	"72"	"0.0"
"215"	"73"	"0.0"
"216"	"74"	"0.0"
"217"	"75"	"0.0"
"218"	"76"	"0.0"
"219"	"77"	"0.0"
"220"	"78"	"0.0"
"221"	"79"	"0.0"
"222"	"80"	"0.0"
"223"	"81"	"0.0"
"224"	"82"	"0.0"
"225"	"83"	"0.0"
"226"	"84"	"0.0"
"227"	"85"	"0.0"
"228"	"86"	"0.0"
"229"	"87"	"0.0"
"230"	"88"	"0.0"
"231"	"89"	"0.0"
"232"	"90"	"0.0"
"233"	"91"	"0.0"
"234"	"92"	"0.0"
"235"	"93"	"0.0"
"236"	"94"	"0.0"
"237"	"95"	"0.0"
"238"	"96"	"0.0"
"239"	"97"	"0.0"
"240"	"98"	"0.0"
"241"	"99"	"0.0"
"242"	"100"	"0.0"
"243"	"101"	"0.0"
"244"	"102"	"0.0"
"245"	"103"	"0.0"
"246"	"104"	"0.0"
"247"	"105"	"0.0"
"248"	"106"	"0.0"
"249"	"107"	"0.0"
"250"	"108"	"0.0"
"251"	"109"	"0.0"
"252"	"110"	"0.0"
"253"	"111"	"0.0"
"254"	"112"	"0.0"
"255"	"113"	"0.0"
"256"	"114"	"0.0"
"257"	"115"	"0.0"
"258"	"116"	"0.0"
"259"	"117"	"0.0"
"260"	"118"	"0.0"
"261"	"119"	"0.0"
"262"	"120"	"0.0"
"263"	"121"	"0.0"
"264"	"122"	"0.0"
"265"	"123"	"0.0"
"266"	"124"	"0.0"
"267"	"125"	"0.0"
"268"	"126"	"0.0"
"269"	"127"	"0.0"
"270"	"128"	"0.0"
"271"	"129"	"0.0"
"272"	"130"	"0.0"
"273"	"131"	"0.0"
"274"	"132"	"0.0"
"275"	"133"	"0.0"
"276"	"134"	"0.0"
"277"	"135"	"0.0"
"278"	"136"	"0.0"
"279"	"137"	"0.0"
"280"	"138"	"0.0"
"281"	"139"	"0.0"
"282"	"140"	"0.0"
"283"	"141"	"0.0"
"284"	"142"	"0.0"
"285"	"143"	"0.0"
"286"	"144"	"0.0"
"287"	"145"	"0.0"
"288"	"146"	"0.0"
"289"	"147"	"0.0"
"290"	"148"	"0.0"
"291"	"149"	"0.0"
"292"	"150"	"0.0"
"293"	"151"	"0.0"
"294"	"152"	"0.0"
"295"	"153"	"0.0"
"296"	"154"	"0.0"
"297"	"155"	"0.0"
"298"	"156"	"0.0"
"299"	"157"	"0.0"
"300"	"158"	"0.0"
"301"	"159"	"0.0"
"302"	"160"	"0.0"
"303"	"161"	"0.0"
"304"	"162"	"0.0"
"305"	"163"	"0.0"
"306"	"164"	"0.0"
"307"	"165"	"0.0"
"308"	"166"	"0.0"
"309"	"167"	"0.0"
"310"	"168"	"0.0"
"311"	"169"	"0.0"
"312"	"170"	"0.0"
"313"	"171"	"0.0"
"314"	"172"	"0.0"
"315"	"173"	"0.0"
"316"	"174"	"0.0"
"317"	"175"	"0.0"
"318"	"176"	"0.0"
"319"	"177"	"0.0"
"320"	"178"	"0.0"
"321"	"179"	"0.0"
"322"	"180"	"0.0"
"323"	"181"	"0.0"
"324"	"182"	"0.0"
"325"	"183"	"0.0"
"326"	"184"	"0.0"
"327"	"185"	"0.0"
"328"	"186"	"0.0"
"329"	"187"	"0.0"
"330"	"188"	"0.0"
"331"	"189"	"0.0"
"332"	"190"	"0.0"
"333"	"191"	"0.0"
"334"	"192"	"0.0"
"335"	"193"	"0.0"
"336"	"194"	"0.0"
"337"	"195"	"0.0"
"338"	"196"	"0.0"
"339"	"197"	"0.0"
"340"	"198"	"0.0"
"341"	"199"	"0.0"
"342"	"200"	"0.0"
"343"	"201"	"0.0"
"344"	"202"	"0.0"
"345"	"203"	"0.0"
"346"	"204"	"0.0"
"347"	"205"	"0.0"
"348"	"206"	"0.0"
"349"	"207"	"0.0"
"350"	"208"	"0.0"
"351"	"209"	"0.0"
"352"	"210"	"0.0"
"353"	"211"	"0.0"
"354"	"212"	"0.0"
"355"	"213"	"0.0"
"356"	"214"	"0.0"
"357"	"215"	"0.0"
"358"	"216"	"0.0"
"359"	"217"	"0.0"
"360"	"218"	"0.0"
"361"	"219"	"0.0"
"362"	"220"	"0.0"
"363"	"221"	"0.0"
"364"	"222"	"0.0"
"365"	"223"	"0.0"
"366"	"224"	"0.0"
"367"	"225"	"0.0"
"368"	"226"	"0.0"
"369"	"227"	"0.0"
"370"	"228"	"0.0"
"371"	"229"	"0.0"
"372"	"230"	"0.0"
"373"	"231"	"0.0"
"374"	"232"	"0.0"
"375"	"233"	"0.0"
"376"	"234"	"0.0"
"377"	"235"	"0.0"
"378"	"236"	"0.0"
"379"	"237"	"0.0"
"380"	"238"	"0.0"
"381"	"239"	"0.0"
"382"	"240"	"0.0"
"383"	"241"	"0.0"
"384"	"242"	"0.0"
"385"	"243"	"0.0"
"386"	"244"	"0.0"
"387"	"245"	"0.0"
"388"	"246"	"0.0"
"389"	"247"	"0.0"
"390"	"248"	"0.0"
"391"	"249"	"0.0"
"392"	"250"	"0.0"
"393"	"251"	"0.0"
"394"	"252"	"0.0"
"395"	"253"	"0.0"
"396"	"254"	"0.0"
"397"	"255"	"0.0"
"398"	"256"	"0.0"
"399"	"257"	"0.0"
"400"	"258"	"0.0"
"401"	"259"	"0.0"
"402"	"260"	"0.0"
"403"	"261"	"0.0"
"404"	"262"	"0.0"
"405"	"263"	"0.0"
"406"	"264"	"0.0"
"407"	"265"	"0.0"
"408"	"266"	"0.0"
"409"	"267"	"0.0"
"410"	"268"	"0.0"
"411"	"269"	"0.0"
"412"	"270"	"0.0"
"413"	"271"	"0.0"
"414"	"272"	"0.0"
"415"	"273"	"0.0"
"416"	"274"	"0.0"
"417"	"275"	"0.0"
"418"	"276"	"0.0"
"419"	"277"	"0.0"
"420"	"278"	"0.0"
"421"	"279"	"0.0"
"422"	"280"	"0.0"
"423"	"281"	"0.0"
"424"	"282"	"0.0"
"425"	"283"	"0.0"
"426"	"284"	"0.0"
"427"	"285"	"0.0"
"428"	"286"	"0.0"
"429"	"287"	"0.0"
"430"	"288"	"0.0"
"431"	"289"	"0.0"
"432"	"290"	"0.0"
"433"	"291"	"0.0"
"434"	"292"	"0.0"
"435"	"293"	"0.0"
"436"	"294"	"0.0"
"437"	"295"	"0.0"
"438"	"296"	"0.0"
"439"	"297"	"0.0"
"440"	"298"	"0.0"
"441"	"299"	"0.0"
"442"	"300"	"0.0"
"443"	"301"	"0.0"
"444"	"302"	"0.0"
"445"	"303"	"0.0"
"446"	"304"	"0.0"
"447"	"305"	"0.0"
"448"	"306"	"0.0"
"449"	"307"	"0.0"
"450"	"308"	"0.0"
"451"	"309"	"0.0"
"452"	"310"	"0.0"
"453"	"311"	"0.0"
"454"	"312"	"0.0"
"455"	"313"	"0.0"
"456"	"314"	"0.0"
"457"	"315"	"0.0"
"458"	"316"	"0.0"
"459"	"317"	"0.0"
"460"	"318"	"0.0"
"461"	"319"	"0.0"
"462"	"320"	"0.0"
"463"	"321"	"0.0"
"464"	"322"	"0.0"
"465"	"323"	"0.0"
"466"	"324"	"0.0"
"467"	"325"	"0.0"
"468"	"326"	"0.0"
"469"	"327"	"0.0"
"470"	"328"	"0.0"
"471"	"329"	"0.0"
"472"	"330"	"0.0"
"473"	"331"	"0.0"
"474"	"332"	"0.0"
"475"	"333"	"0.0"
"476"	"334"	"0.0"
"477"	"335"	"0.0"
"478"	"336"	"0.0"
"479"	"337"	"0.0"
"480"	"338"	"0.0"
"481"	"339"	"0.0"
"482"	"340"	"0.0"
"483"	"341"	"0.0"
"484"	"342"	"0.0"
"485"	"343"	"0.0"
"486"	"344"	"0.0"
"487"	"345"	"0.0"
"488"	"346"	"0.0"
"489"	"347"	"0.0"
"490"	"348"	"0.0"
"491"	"349"	"0.0"
"492"	"350"	"0.0"
"493"	"351"	"0.0"
"494"	"352"	"0.0"
"495"	"353"	"0.0"
"496"	"354"	"0.0"
"497"	"355"	"0.0"
"498"	"356"	"0.0"
"499"	"357"	"0.0"
"500"	"358"	"0.0"
"501"	"359"	"0.0"
"502"	"360"	"0.0"
"503"	"361"	"0.0"
"504"	"362"	"0.0"
"505"	"363"	"0.0"
"506"	"364"	"0.0"
"507"	"365"	"0.0"
"508"	"366"	"0.0"
"509"	"367"	"0.0"
"510"	"368"	"0.0"
"511"	"369"	"0.0"
"512"	"370"	"0.0"
"513"	"371"	"0.0"
"514"	"372"	"0.0"
"515"	"373"	"0.0"
"516"	"374"	"0.0"
"517"	"375"	"0.0"
"518"	"376"	"0.0"
"519"	"377"	"0.0"
"520"	"378"	"0.0"
"521"	"379"	"0.0"
"522"	"380"	"0.0"
"523"	"381"	"0.0"
"524"	"382"	"0.0"
"525"	"383"	"0.0"
"526"	"384"	"0.0"
"527"	"385"	"0.0"
"528"	"386"	"0.0"
"529"	"387"	"0.0"
"530"	"388"	"0.0"
"531"	"389"	"0.0"
"532"	"390"	"0.0"
"533"	"391"	"0.0"
"534"	"392"	"0.0"
"535"	"393"	"0.0"
"536"	"394"	"0.0"
"537"	"395"	"0.0"
"538"	"396"	"0.0"
"539"	"397"	"0.0"
"540"	"398"	"0.0"
"541"	"399"	"0.0"
"542"	"400"	"0.0"
"543"	"401"	"0.0"
"544"	"402"	"0.0"
"545"	"403"	"0.0"
"546"	"404"	"0.0"
"547"	"405"	"0.0"
"548"	"406"	"0.0"
"549"	"407"	"0.0"
"550"	"408"	"0.0"
"551"	"409"	"0.0"
"552"	"410"	"0.0"
"553"	"411"	"0.0"
"554"	"412"	"0.0"
"555"	"413"	"0.0"
"556"	"414"	"0.0"
"557"	"415"	"0.0"
"558"	"416"	"0.0"
"559"	"417"	"0.0"
"560"	"418"	"0.0"
"561"	"419"	"0.0"
"562"	"420"	"0.0"
"563"	"421"	"0.0"
"564"	"422"	"0.0"
"565"	"423"	"0.0"
"566"	"424"	"0.0"
"567"	"425"	"0.0"
"568"	"426"	"0.0"
"569"	"427"	"0.0"
"570"	"428"	"0.0"
"571"	"429"	"0.0"
"572"	"430"	"0.0"
"573"	"431"	"0.0"
"574"	"432"	"0.0"
"575"	"433"	"0.0"
"576"	"434"	"0.0"
"577"	"435"	"0.0"
"578"	"436"	"0.0"
"579"	"437"	"0.0"
"580"	"438"	"0.0"
"581"	"439"	"0.0"
"582"	"440"	"0.0"
"583"	"441"	"0.0"
"584"	"442"	"0.0"
"585"	"443"	"0.0"
"586"	"444"	"0.0"
"587"	"445"	"0.0"
"588"	"446"	"0.0"
"589"	"447"	"0.0"
"590"	"448"	"0.0"
"591"	"449"	"0.0"
"592"	"450"	"0.0"
"593"	"451"	"0.0"
"594"	"452"	"0.0"
"595"	"453"	"0.0"
"596"	"454"	"0.0"
"597"	"455"	"0.0"
"598"	"456"	"0.0"
"599"	"457"	"0.0"
"600"	"458"	"0.0"
"601"	"459"	"0.0"
"602"	"460"	"0.0"
"603"	"461"	"0.0"
"604"	"462"	"0.0"
"605"	"463"	"0.0"
"606"	"464"	"0.0"
"607"	"465"	"0.0"
"608"	"466"	"0.0"
"609"	"467"	"0.0"
"610"	"468"	"0.0"
"611"	"469"	"0.0"
"612"	"470"	"0.0"
"613"	"471"	"0.0"
"614"	"472"	"0.0"
"615"	"473"	"0.0"
"616"	"474"	"0.0"
"617"	"475"	"0.0"
"618"	"476"	"0.0"
"619"	"477"	"0.0"
"620"	"478"	"0.0"
"621"	"479"	"0.0"
"622"	"480"	"0.0"
"623"	"481"	"0.0"
"624"	"482"	"0.0"
"625"	"483"	"0.0"
"626"	"484"	"0.0"
"627"	"485"	"0.0"
"628"	"486"	"0.0"
"629"	"487"	"0.0"
"630"	"488"	"0.0"
"631"	"489"	"0.0"
"632"	"490"	"0.0"
"633"	"491"	"0.0"
"634"	"492"	"0.0"
"635"	"493"	"0.0"
"636"	"494"	"0.0"
"637"	"495"	"0.0"
"638"	"496"	"0.0"
"639"	"497"	"0.0"
"640"	"498"	"0.0"
"641"	"499"	"0.0"
"642"	"500"	"0.0"
"643"	"501"	"0.0"
"644"	"502"	"0.0"
"645"	"503"	"0.0"
"646"	"504"	"0.0"
"647"	"505"	"0.0"
"648"	"506"	"0.0"
"649"	"507"	"0.0"
"650"	"508"	"0.0"
"651"	"509"	"0.0"
"652"	"510"	"0.0"
"653"	"511"	"0.0"
"654"	"512"	"0.0"
"655"	"513"	"0.0"
"656"	"514"	"0.0"
"657"	"515"	"0.0"
"658"	"516"	"0.0"
"659"	"517"	"0.0"
"660"	"518"	"0.0"
"661"	"519"	"0.0"
"662"	"520"	"0.0"
"663"	"521"	"0.0"
"664"	"522"	"0.0"
"665"	"523"	"0.0"
"666"	"524"	"0.0"
"667"	"525"	"0.0"
"668"	"526"	"0.0"
"669"	"527"	"0.0"
"670"	"528"	"0.0"
"671"	"529"	"0.0"
"672"	"530"	"0.0"
"673"	"531"	"0.0"
"674"	"532"	"0.0"
"675"	"533"	"0.0"
"676"	"534"	"0.0"
"677"	"535"	"0.0"
"678"	"536"	"0.0"
"679"	"537"	"0.0"
"680"	"538"	"0.0"
"681"	"539"	"0.0"
"682"	"540"	"0.0"
"683"	"541"	"0.0"
"684"	"542"	"0.0"
"685"	"543"	"0.0"
"686"	"544"	"0.0"
"687"	"545"	"0.0"
"688"	"546"	"0.0"
"689"	"547"	"0.0"
"690"	"548"	"0.0"
"691"	"549"	"0.0"
"692"	"550"	"0.0"
"693"	"551"	"0.0"
"694"	"552"	"0.0"
"695"	"553"	"0.0"
"696"	"554"	"0.0"
"697"	"555"	"0.0"
"698"	"556"	"0.0"
"699"	"557"	"0.0"
"700"	"558"	"0.0"
"701"	"559"	"0.0"
"702"	"560"	"0.0"
"703"	"561"	"0.0"
"704"	"562"	"0.0"
"705"	"563"	"0.0"
"706"	"564"	"0.0"
"707"	"565"	"0.0"
"708"	"566"	"0.0"
"709"	"567"	"0.0"
"710"	"568"	"0.0"
"711"	"569"	"0.0"
"712"	"570"	"0.0"
"713"	"571"	"0.0"
"714"	"572"	"0.0"
"715"	"573"	"0.0"
"716"	"574"	"0.0"
"717"	"575"	"0.0"
"718"	"576"	"0.0"
"719"	"577"	"0.0"
"720"	"578"	"0.0"
"721"	"579"	"0.0"
"722"	"580"	"0.0"
"723"	"581"	"0.0"
"724"	"582"	"0.0"
"725"	"583"	"0.0"
"726"	"584"	"0.0"
"727"	"585"	"0.0"
"728"	"586"	"0.0"
"729"	"587"	"0.0"
"730"	"588"	"0.0"
"731"	"589"	"0.0"
"732"	"590"	"0.0"
"733"	"591"	"0.0"
"734"	"592"	"0.0"
"735"	"593"	"0.0"
"736"	"594"	"0.0"
"737"	"595"	"0.0"
"738"	"596"	"0.0"
"739"	"597"	"0.0"
"740"	"598"	"0.0"
"741"	"599"	"0.0"
"742"	"600"	"0.0"
"743"	"601"	"0.0"
"744"	"602"	"0.0"
"745"	"603"	"0.0"
"746"	"604"	"0.0"
"747"	"605"	"0.0"
"748"	"606"	"0.0"
"749"	"607"	"0.0"
"750"	"608"	"0.0"
"751"	"609"	"0.0"
"752"	"610"	"0.0"
"753"	"611"	"0.0"
"754"	"612"	"0.0"
"755"	"613"	"0.0"
"756"	"614"	"0.0"
"757"	"615"	"0.0"
"758"	"616"	"0.0"
"759"	"617"	"0.0"
"760"	"618"	"0.0"
"761"	"619"	"0.0"
"762"	"620"	"0.8333333333333334"
"763"	"621"	"0.0"
"764"	"622"	"0.0"
"765"	"623"	"0.0"
"766"	"624"	"0.0"
"767"	"625"	"0.0"
"768"	"626"	"0.0"
"769"	"627"	"0.0"
"770"	"628"	"0.0"
"771"	"629"	"0.0"
"772"	"630"	"0.0"
"773"	"631"	"0.0"
"774"	"632"	"0.0"
"775"	"633"	"0.0"
"776"	"634"	"0.0"
"777"	"635"	"0.0"
"778"	"636"	"0.0"
"779"	"637"	"0.0"
"780"	"638"	"0.0"
"781"	"639"	"0.0"
"782"	"640"	"0.0"
"783"	"641"	"0.0"
"784"	"642"	"0.0"
"785"	"643"	"0.0"
"786"	"644"	"0.0"
"787"	"645"	"0.0"
"788"	"646"	"0.0"
"789"	"647"	"0.0"
"790"	"648"	"0.0"
"791"	"649"	"0.0"
"792"	"650"	"0.0"
"793"	"651"	"0.0"
"794"	"652"	"0.0"
"795"	"653"	"0.0"
"796"	"654"	"0.0"
"797"	"655"	"0.0"
"798"	"656"	"0.0"
"799"	"657"	"0.0"
"800"	"658"	"0.0"
"801"	"659"	"0.0"
"802"	"660"	"0.0"
"803"	"661"	"0.0"
"804"	"662"	"0.0"
"805"	"663"	"0.0"
"806"	"664"	"0.0"
"807"	"665"	"0.0"
"808"	"666"	"0.0"
"809"	"667"	"0.0"
"810"	"668"	"0.0"
"811"	"669"	"0.0"
"812"	"670"	"0.0"
"813"	"671"	"0.0"
"814"	"672"	"0.0"
"815"	"673"	"0.0"
"816"	"674"	"0.0"
"817"	"675"	"0.0"
"818"	"676"	"0.0"
"819"	"677"	"0.0"
"820"	"678"	"0.0"
"821"	"679"	"0.0"
"822"	"680"	"0.0"
"823"	"681"	"0.0"
"824"	"682"	"0.0"
"825"	"683"	"0.0"
"826"	"684"	"0.0"
"827"	"685"	"0.0"
"828"	"686"	"0.0"
"829"	"687"	"0.0"
"830"	"688"	"0.0"
"831"	"689"	"0.0"
"832"	"690"	"0.0"
"833"	"691"	"0.0"
"834"	"692"	"0.0"
"835"	"693"	"0.0"
"836"	"694"	"0.0"
"837"	"695"	"0.0"
"838"	"696"	"0.0"
"839"	"697"	"0.0"
"840"	"698"	"0.0"
"841"	"699"	"0.0"
"842"	"700"	"0.0"
"843"	"701"	"0.0"
"844"	"702"	"0.0"
"845"	"703"	"0.0"
"846"	"704"	"0.0"
"847"	"705"	"0.0"
"848"	"706"	"0.0"
"849"	"707"	"0.0"
"850"	"708"	"0.0"
"851"	"709"	"0.0"
"852"	"710"	"0.0"
"853"	"711"	"0.0"
"854"	"712"	"0.0"
"855"	"713"	"0.0"
"856"	"714"	"0.0"
"857"	"715"	"0.0"
"858"	"716"	"0.0"
"859"	"717"	"0.0"
"860"	"718"	"0.0"
"861"	"719"	"0.0"
"862"	"720"	"0.0"
"863"	"721"	"0.0"
"864"	"722"	"0.0"
"865"	"723"	"0.0"
"866"	"724"	"0.0"
"867"	"725"	"0.0"
"868"	"726"	"0.0"
"869"	"727"	"0.0"
"870"	"728"	"0.0"
"871"	"729"	"0.0"
"872"	"730"	"0.0"
"873"	"731"	"0.0"
"874"	"732"	"0.0"
"875"	"733"	"0.0"
"876"	"734"	"0.0"
"877"	"735"	"0.0"
"878"	"736"	"0.0"
"879"	"737"	"0.0"
"880"	"738"	"0.0"
"881"	"739"	"0.0"
"882"	"740"	"0.0"
"883"	"741"	"0.0"
"884"	"742"	"0.0"
"885"	"743"	"0.0"
"886"	"744"	"0.0"
"887"	"745"	"0.0"
"888"	"746"	"0.0"
"889"	"747"	"0.0"
"890"	"748"	"0.0"
"891"	"749"	"0.0"
"892"	"750"	"0.0"
"893"	"751"	"0.0"
"894"	"752"	"0.0"
"895"	"753"	"0.0"
"896"	"754"	"0.0"
"897"	"755"	"0.0"
"898"	"756"	"0.0"
"899"	"757"	"0.0"
"900"	"758"	"0.0"
"901"	"759"	"0.0"
"902"	"760"	"0.0"
"903"	"761"	"0.0"
"904"	"762"	"0.0"
"905"	"763"	"0.0"
"906"	"764"	"0.0"
"907"	"765"	"0.0"
"908"	"766"	"0.0"
"909"	"767"	"0.0"
"910"	"768"	"0.0"
"911"	"769"	"0.0"
"912"	"770"	"0.0"
"913"	"771"	"0.0"
"914"	"772"	"0.0"
"915"	"773"	"0.0"
"916"	"774"	"0.0"
"917"	"775"	"0.0"
"918"	"776"	"0.0"
"919"	"777"	"0.0"
"920"	"778"	"0.0"
"921"	"779"	"0.0"
"922"	"780"	"0.0"
"923"	"781"	"0.0"
"924"	"782"	"0.0"
"925"	"783"	"0.0"
"926"	"784"	"0.0"
"927"	"785"	"0.0"
"928"	"786"	"0.0"
"929"	"787"	"0.0"
"930"	"788"	"0.0"
"931"	"789"	"0.0"
"932"	"790"	"0.0"
"933"	"791"	"0.0"
"934"	"792"	"0.0"
"935"	"793"	"0.0"
"936"	"794"	"0.0"
"937"	"795"	"0.0"
"938"	"796"	"0.0"
"939"	"797"	"0.0"
"940"	"798"	"0.0"
"941"	"799"	"0.0"
"942"	"800"	"0.0"
"943"	"801"	"0.0"
"944"	"802"	"0.0"
"945"	"803"	"0.0"
"946"	"804"	"0.0"
"947"	"805"	"0.0"
"948"	"806"	"0.0"
"949"	"807"	"0.0"
"950"	"808"	"0.0"
"951"	"809"	"0.0"
"952"	"810"	"0.0"
"953"	"811"	"0.0"
"954"	"812"	"0.0"
"955"	"813"	"0.0"
"956"	"814"	"0.0"
"957"	"815"	"0.0"
"958"	"816"	"0.0"
"959"	"817"	"0.0"
"960"	"818"	"0.0"
"961"	"819"	"0.0"
"962"	"820"	"0.0"
"963"	"821"	"0.0"
"964"	"822"	"0.0"
"965"	"823"	"0.0"
"966"	"824"	"0.0"
"967"	"825"	"0.0"
"968"	"826"	"0.0"
"969"	"827"	"0.0"
"970"	"828"	"0.0"
"971"	"829"	"0.0"
"972"	"830"	"0.0"
"973"	"831"	"0.0"
"974"	"832"	"0.0"
"975"	"833"	"0.0"
"976"	"834"	"0.0"
"977"	"835"	"0.0"
"978"	"836"	"0.0"
"979"	"837"	"0.0"
"980"	"838"	"0.0"
"981"	"839"	"0.0"
"982"	"840"	"0.0"
"983"	"841"	"0.0"
"984"	"842"	"0.0"
"985"	"843"	"0.0"
"986"	"844"	"0.0"
"987"	"845"	"0.0"
"988"	"846"	"0.0"
"989"	"847"	"0.0"
"990"	"848"	"0.0"
"991"	"849"	"0.0"
"992"	"850"	"0.0"
"993"	"851"	"0.0"
"994"	"852"	"0.0"
"995"	"853"	"0.0"
"996"	"854"	"0.0"
"997"	"855"	"0.0"
"998"	"856"	"0.0"
"999"	"857"	"0.0"
"1000"	"858"	"0.0"
"1001"	"859"	"0.0"
"1002"	"860"	"0.0"
"1003"	"861"	"0.0"
"1004"	"862"	"0.0"
"1005"	"863"	"0.0"
"1006"	"864"	"0.0"
"1007"	"865"	"0.0"
"1008"	"866"	"0.0"
"1009"	"867"	"0.0"
"1010"	"868"	"0.0"
"1011"	"869"	"0.0"
"1012"	"870"	"0.0"
"1013"	"871"	"0.0"
"1014"	"872"	"0.0"
"1015"	"873"	"0.0"
"1016"	"874"	"0.0"
"1017"	"875"	"0.0"
"1018"	"876"	"0.0"
"1019"	"877"	"0.0"
"1020"	"878"	"0.0"
"1021"	"879"	"0.0"
"1022"	"880"	"0.0"
"1023"	"881"	"0.0"
"1024"	"882"	"0.0"
"1025"	"883"	"0.0"
"1026"	"884"	"0.0"
"1027"	"885"	"0.0"
"1028"	"886"	"0.0"
"1029"	"887"	"0.0"
"1030"	"888"	"0.0"
"1031"	"889"	"0.0"
"1032"	"890"	"0.0"
"1033"	"891"	"0.0"
"1034"	"892"	"0.0"
"1035"	"893"	"0.0"
"1036"	"894"	"0.0"
"1037"	"895"	"0.0"
"1038"	"896"	"0.0"
"1039"	"897"	"0.0"
"1040"	"898"	"0.0"
"1041"	"899"	"0.0"
"1042"	"900"	"0.0"
"1043"	"901"	"0.0"
"1044"	"902"	"0.0"
"1045"	"903"	"0.0"
"1046"	"904"	"0.0"
"1047"	"905"	"0.0"
"1048"	"906"	"0.0"
"1049"	"907"	"0.0"
"1050"	"908"	"0.0"
"1051"	"909"	"0.0"
"1052"	"910"	"0.0"
"1053"	"911"	"0.0"
"1054"	"912"	"0.0"
"1055"	"913"	"0.0"
"1056"	"914"	"0.0"
"1057"	"915"	"0.0"
"1058"	"916"	"0.0"
"1059"	"917"	"0.0"
"1060"	"918"	"0.0"
"1061"	"919"	"0.0"
"1062"	"920"	"0.0"
"1063"	"921"	"0.0"
"1064"	"922"	"0.0"
"1065"	"923"	"0.0"
"1066"	"924"	"0.0"
"1067"	"925"	"0.0"
"1068"	"926"	"0.0"
"1069"	"927"	"0.0"
"1070"	"928"	"0.0"
"1071"	"929"	"0.0"
"1072"	"930"	"0.0"
"1073"	"931"	"0.0"
"1074"	"932"	"0.0"
"1075"	"933"	"0.0"
"1076"	"934"	"0.0"
"1077"	"935"	"0.0"
"1078"	"936"	"0.0"
"1079"	"937"	"0.0"
"1080"	"938"	"0.0"
"1081"	"939"	"0.0"
"1082"	"940"	"0.0"
"1083"	"941"	"0.0"
"1084"	"942"	"0.0"
"1085"	"943"	"0.0"
"1086"	"944"	"0.0"
"1087"	"945"	"0.0"
"1088"	"946"	"0.0"
"1089"	"947"	"0.0"
"1090"	"948"	"0.0"
"1091"	"949"	"0.0"
"1092"	"950"	"0.0"
"1093"	"951"	"0.0"
"1094"	"952"	"0.0"
"1095"	"953"	"0.0"
"1096"	"954"	"0.0"
"1097"	"955"	"0.0"
"1098"	"956"	"0.0"
"1099"	"957"	"0.0"
"1100"	"958"	"0.0"
"1101"	"959"	"0.0"
"1102"	"960"	"0.0"
"1103"	"961"	"0.0"
"1104"	"962"	"0.0"
"1105"	"963"	"0.0"
"1106"	"964"	"0.0"
"1107"	"965"	"0.0"
"1108"	"966"	"0.0"
"1109"	"967"	"0.0"
"1110"	"968"	"0.0"
"1111"	"969"	"0.0"
"1112"	"970"	"0.0"
"1113"	"971"	"0.0"
"1114"	"972"	"0.0"
"1115"	"973"	"0.0"
"1116"	"974"	"0.0"
"1117"	"975"	"0.0"
"1118"	"976"	"0.0"
"1119"	"977"	"0.0"
"1120"	"978"	"0.0"
"1121"	"979"	"0.0"
"1122"	"980"	"0.0"
"1123"	"981"	"0.0"
"1124"	"982"	"0.0"
"1125"	"983"	"0.0"
"1126"	"984"	"0.0"
"1127"	"985"	"0.0"
"1128"	"986"	"0.0"
"1129"	"987"	"0.0"
"1130"	"988"	"0.0"
"1131"	"989"	"0.0"
"1132"	"990"	"0.0"
"1133"	"991"	"0.0"
"1134"	"992"	"0.0"
"1135"	"993"	"0.0"
"1136"	"994"	"0.0"
"1137"	"995"	"0.0"
"1138"	"996"	"0.0"
"1139"	"997"	"0.0"
"1140"	"998"	"0.0"
"1141"	"999"	"0.0"
"1142"	"1000"	"0.0"
"1143"	"1001"	"0.0"
"1144"	"1002"	"0.0"
"1145"	"1003"	"0.0"
"1146"	"1004"	"0.0"
"1147"	"1005"	"0.0"
"1148"	"1006"	"0.0"
"1149"	"1007"	"0.0"
"1150"	"1008"	"0.0"
"1151"	"1009"	"0.0"
"1152"	"1010"	"0.0"
"1153"	"1011"	"0.0"
"1154"	"1012"	"0.0"
"1155"	"1013"	"0.0"
"1156"	"1014"	"0.0"
"1157"	"1015"	"0.0"
"1158"	"1016"	"0.0"
"1159"	"1017"	"0.0"
"1160"	"1018"	"0.0"
"1161"	"1019"	"0.0"
"1162"	"1020"	"0.0"
"1163"	"1021"	"0.0"
"1164"	"1022"	"0.0"
"1165"	"1023"	"0.0"
"1166"	"1024"	"0.0"
"1167"	"1025"	"0.0"
"1168"	"1026"	"0.0"
"1169"	"1027"	"0.0"
"1170"	"1028"	"0.0"
"1171"	"1029"	"0.0"
"1172"	"1030"	"0.0"
"1173"	"1031"	"0.0"
"1174"	"1032"	"0.0"
"1175"	"1033"	"0.0"
"1176"	"1034"	"0.0"
"1177"	"1035"	"0.0"
"1178"	"1036"	"0.0"
"1179"	"1037"	"0.0"
"1180"	"1038"	"0.0"
"1181"	"1039"	"0.0"
"1182"	"1040"	"0.0"
"1183"	"1041"	"0.0"
"1184"	"1042"	"0.0"
"1185"	"1043"	"0.0"
"1186"	"1044"	"0.0"
"1187"	"1045"	"0.0"
"1188"	"1046"	"0.0"
"1189"	"1047"	"0.0"
"1190"	"1048"	"0.0"
"1191"	"1049"	"0.0"
"1192"	"1050"	"0.0"
"1193"	"1051"	"0.0"
"1194"	"1052"	"0.0"
"1195"	"1053"	"0.0"
"1196"	"1054"	"0.0"
"1197"	"1055"	"0.0"
"1198"	"1056"	"0.0"
"1199"	"1057"	"0.0"
"1200"	"1058"	"0.0"
"1201"	"1059"	"0.0"
"1202"	"1060"	"0.0"
"1203"	"1061"	"0.0"
"1204"	"1062"	"0.0"
"1205"	"1063"	"0.0"
"1206"	"1064"	"0.0"
"1207"	"1065"	"0.0"
"1208"	"1066"	"0.0"
"1209"	"1067"	"0.0"
"1210"	"1068"	"0.0"
"1211"	"1069"	"0.0"
"1212"	"1070"	"0.0"
"1213"	"1071"	"0.0"
"1214"	"1072"	"0.0"
"1215"	"1073"	"0.0"
"1216"	"1074"	"0.0"
"1217"	"1075"	"0.0"
"1218"	"1076"	"0.0"
"1219"	"1077"	"0.0"
"1220"	"1078"	"0.0"
"1221"	"1079"	"0.0"
"1222"	"1080"	"0.0"
"1223"	"1081"	"0.0"
"1224"	"1082"	"0.0"
"1225"	"1083"	"0.0"
"1226"	"1084"	"0.0"
"1227"	"1085"	"0.0"
"1228"	"1086"	"0.0"
"1229"	"1087"	"0.0"
"1230"	"1088"	"0.0"
"1231"	"1089"	"0.0"
"1232"	"1090"	"0.0"
"1233"	"1091"	"0.0"
"1234"	"1092"	"0.0"
"1235"	"1093"	"0.0"
"1236"	"1094"	"0.0"
"1237"	"1095"	"0.0"
"1238"	"1096"	"0.0"
"1239"	"1097"	"0.0"
"1240"	"1098"	"0.0"
"1241"	"1099"	"0.0"
"1242"	"1100"	"0.0"
"1243"	"1101"	"0.0"
"1244"	"1102"	"0.0"
"1245"	"1103"	"0.0"
"1246"	"1104"	"0.0"
"1247"	"1105"	"0.0"
"1248"	"1106"	"0.0"
"1249"	"1107"	"0.0"
"1250"	"1108"	"0.0"
"1251"	"1109"	"0.0"
"1252"	"1110"	"0.0"
"1253"	"1111"	"0.0"
"1254"	"1112"	"0.0"
"1255"	"1113"	"0.0"
"1256"	"1114"	"0.0"
"1257"	"1115"	"0.0"
"1258"	"1116"	"0.0"
"1259"	"1117"	"0.0"
"1260"	"1118"	"0.0"
"1261"	"1119"	"0.0"
"1262"	"1120"	"0.0"
"1263"	"1121"	"0.0"
"1264"	"1122"	"0.0"
"1265"	"1123"	"0.0"
"1266"	"1124"	"0.0"
"1267"	"1125"	"0.0"
"1268"	"1126"	"0.0"
"1269"	"1127"	"0.0"
"1270"	"1128"	"0.0"
"1271"	"1129"	"0.0"
"1272"	"1130"	"0.0"
"1273"	"1131"	"0.0"
"1274"	"1132"	"0.0"
"1275"	"1133"	"0.0"
"1276"	"1134"	"0.0"
"1277"	"1135"	"0.0"
"1278"	"1136"	"0.0"
"1279"	"1137"	"0.0"
"1280"	"1138"	"0.0"
"1281"	"1139"	"0.0"
"1282"	"1140"	"0.0"
"1283"	"1141"	"0.0"
"1284"	"1142"	"0.0"
"1285"	"1143"	"0.0"
"1286"	"1144"	"0.0"
"1287"	"1145"	"0.0"
"1288"	"1146"	"0.0"
"1289"	"1147"	"0.0"
"1290"	"1148"	"0.0"
"1291"	"1149"	"0.0"
"1292"	"1150"	"0.0"
"1293"	"1151"	"0.0"
"1294"	"1152"	"0.0"
"1295"	"1153"	"0.0"
"1296"	"1154"	"0.0"
"1297"	"1155"	"0.0"
"1298"	"1156"	"0.0"
"1299"	"1157"	"0.0"
"1300"	"1158"	"0.0"
"1301"	"1159"	"0.0"
"1302"	"1160"	"0.0"
"1303"	"1161"	"0.0"
"1304"	"1162"	"0.0"
"1305"	"1163"	"0.0"
"1306"	"1164"	"0.0"
"1307"	"1165"	"0.0"
"1308"	"1166"	"0.0"
"1309"	"1167"	"0.0"
"1310"	"1168"	"0.0"
"1311"	"1169"	"0.0"
"1312"	"1170"	"0.0"
"1313"	"1171"	"0.0"
"1314"	"1172"	"0.0"
"1315"	"1173"	"0.0"
"1316"	"1174"	"0.0"
"1317"	"1175"	"0.0"
"1318"	"1176"	"0.0"
"1319"	"1177"	"0.0"
"1320"	"1178"	"0.0"
"1321"	"1179"	"0.0"
"1322"	"1180"	"0.0"
"1323"	"1181"	"0.0"
"1324"	"1182"	"0.0"
"1325"	"1183"	"0.0"
"1326"	"1184"	"0.0"
"1327"	"1185"	"0.0"
"1328"	"1186"	"0.0"
"1329"	"1187"	"0.0"
"1330"	"1188"	"0.0"
"1331"	"1189"	"0.0"
"1332"	"1190"	"0.0"
"1333"	"1191"	"0.0"
"1334"	"1192"	"0.0"
"1335"	"1193"	"0.0"
"1336"	"1194"	"0.0"
"1337"	"1195"	"0.0"
"1338"	"1196"	"0.0"
"1339"	"1197"	"0.0"
"1340"	"1198"	"0.0"
"1341"	"1199"	"0.0"
"1342"	"1200"	"0.0"
"1343"	"1201"	"0.0"
"1344"	"1202"	"0.0"
"1345"	"1203"	"0.0"
"1346"	"1204"	"0.0"
"1347"	"1205"	"0.0"
"1348"	"1206"	"0.0"
"1349"	"1207"	"0.0"
"1350"	"1208"	"0.0"
"1351"	"1209"	"0.0"
"1352"	"1210"	"0.0"
"1353"	"1211"	"0.0"
"1354"	"1212"	"0.0"
"1355"	"1213"	"0.0"
"1356"	"1214"	"0.0"
"1357"	"1215"	"0.0"
"1358"	"1216"	"0.0"
"1359"	"1217"	"0.0"
"1360"	"1218"	"0.0"
"1361"	"1219"	"0.0"
"1362"	"1220"	"0.0"
"1363"	"1221"	"0.0"
"1364"	"1222"	"0.0"
"1365"	"1223"	"0.0"
"1366"	"1224"	"0.0"
"1367"	"1225"	"0.0"
"1368"	"1226"	"0.0"
"1369"	"1227"	"0.0"
"1370"	"1228"	"0.0"
"1371"	"1229"	"0.0"
"1372"	"1230"	"0.0"
"1373"	"1231"	"0.0"
"1374"	"1232"	"0.0"
"1375"	"1233"	"0.0"
"1376"	"1234"	"0.0"
"1377"	"1235"	"0.0"
"1378"	"1236"	"0.0"
"1379"	"1237"	"0.0"
"1380"	"1238"	"0.0"
"1381"	"1239"	"0.0"
"1382"	"1240"	"0.0"
"1383"	"1241"	"0.0"
"1384"	"1242"	"0.0"
"1385"	"1243"	"0.0"
"1386"	"1244"	"0.0"
"1387"	"1245"	"0.0"
"1388"	"1246"	"0.0"
"1389"	"1247"	"0.0"
"1390"	"1248"	"0.0"
"1391"	"1249"	"0.0"
"1392"	"1250"	"0.0"
"1393"	"1251"	"0.0"
"1394"	"1252"	"0.0"
"1395"	"1253"	"0.0"
"1396"	"1254"	"0.0"
"1397"	"1255"	"0.0"
"1398"	"1256"	"0.0"
"1399"	"1257"	"0.0"
"1400"	"1258"	"0.0"
"1401"	"1259"	"0.0"
"1402"	"1260"	"0.0"
"1403"	"1261"	"0.0"
"1404"	"1262"	"0.0"
"1405"	"1263"	"0.0"
"1406"	"1264"	"0.0"
"1407"	"1265"	"0.0"
"1408"	"1266"	"0.0"
"1409"	"1267"	"0.0"
"1410"	"1268"	"0.0"
"1411"	"1269"	"0.0"
"1412"	"1270"	"0.0"
"1413"	"1271"	"0.0"
"1414"	"1272"	"0.0"
"1415"	"1273"	"0.0"
"1416"	"1274"	"0.0"
"1417"	"1275"	"0.0"
"1418"	"1276"	"0.0"
"1419"	"1277"	"0.0"
"1420"	"1278"	"0.0"
"1421"	"1279"	"0.0"
"1422"	"1280"	"0.0"
"1423"	"1281"	"0.0"
"1424"	"1282"	"0.0"
"1425"	"1283"	"0.0"
"1426"	"1284"	"0.0"
"1427"	"1285"	"0.0"
"1428"	"1286"	"0.0"
"1429"	"1287"	"0.0"
"1430"	"1288"	"0.0"
"1431"	"1289"	"0.0"
"1432"	"1290"	"0.0"
"1433"	"1291"	"0.0"
"1434"	"1292"	"0.0"
"1435"	"1293"	"0.0"
"1436"	"1294"	"0.0"
"1437"	"1295"	"0.0"
"1438"	"1296"	"0.0"
"1439"	"1297"	"0.0"
"1440"	"1298"	"0.0"
"1441"	"1299"	"0.0"
"1442"	"1300"	"0.0"
"1443"	"1301"	"0.0"
"1444"	"1302"	"0.0"
"1445"	"1303"	"0.0"
"1446"	"1304"	"0.0"
"1447"	"1305"	"0.0"
"1448"	"1306"	"0.0"
"1449"	"1307"	"0.0"
"1450"	"1308"	"0.0"
"1451"	"1309"	"0.0"
"1452"	"1310"	"0.0"
"1453"	"1311"	"0.0"
"1454"	"1312"	"0.0"
"1455"	"1313"	"0.0"
"1456"	"1314"	"0.0"
"1457"	"1315"	"0.0"
"1458"	"1316"	"0.0"
"1459"	"1317"	"0.0"
"1460"	"1318"	"0.0"
"1461"	"1319"	"0.0"
"1462"	"1320"	"0.0"
"1463"	"1321"	"0.0"
"1464"	"1322"	"0.0"
"1465"	"1323"	"0.0"
"1466"	"1324"	"0.0"
"1467"	"1325"	"0.0"
"1468"	"1326"	"0.0"
"1469"	"1327"	"0.0"
"1470"	"1328"	"0.0"
"1471"	"1329"	"0.0"
"1472"	"1330"	"0.0"
"1473"	"1331"	"0.0"
"1474"	"1332"	"0.0"
"1475"	"1333"	"0.0"
"1476"	"1334"	"0.0"
"1477"	"1335"	"0.0"
"1478"	"1336"	"0.0"
"1479"	"1337"	"0.0"
"1480"	"1338"	"0.0"
"1481"	"1339"	"0.0"
"1482"	"1340"	"0.0"
"1483"	"1341"	"0.0"
"1484"	"1342"	"0.0"
"1485"	"1343"	"0.0"
"1486"	"1344"	"0.0"
"1487"	"1345"	"0.0"
"1488"	"1346"	"0.0"
"1489"	"1347"	"0.0"
"1490"	"1348"	"0.0"
"1491"	"1349"	"0.0"
"1492"	"1350"	"0.0"
"1493"	"1351"	"0.0"
"1494"	"1352"	"0.0"
"1495"	"1353"	"0.0"
"1496"	"1354"	"0.0"
"1497"	"1355"	"0.0"
"1498"	"1356"	"0.0"
"1499"	"1357"	"0.0"
"1500"	"1358"	"0.0"
"1501"	"1359"	"0.0"
"1502"	"1360"	"0.0"
"1503"	"1361"	"0.0"
"1504"	"1362"	"0.0"
"1505"	"1363"	"0.0"
"1506"	"1364"	"0.0"
"1507"	"1365"	"0.0"
"1508"	"1366"	"0.0"
"1509"	"1367"	"0.0"
"1510"	"1368"	"0.0"
"1511"	"1369"	"0.0"
"1512"	"1370"	"0.0"
"1513"	"1371"	"0.0"
"1514"	"1372"	"0.0"
"1515"	"1373"	"0.0"
"1516"	"1374"	"0.0"
"1517"	"1375"	"0.0"
"1518"	"1376"	"0.0"
"1519"	"1377"	"0.0"
"1520"	"1378"	"0.0"
"1521"	"1379"	"0.0"
"1522"	"1380"	"0.0"
"1523"	"1381"	"0.0"
"1524"	"1382"	"0.0"
"1525"	"1383"	"0.0"
"1526"	"1384"	"0.0"
"1527"	"1385"	"0.0"
"1528"	"1386"	"0.0"
"1529"	"1387"	"0.0"
"1530"	"1388"	"0.0"
"1531"	"1389"	"0.0"
"1532"	"1390"	"0.0"
"1533"	"1391"	"0.0"
"1534"	"1392"	"0.0"
"1535"	"1393"	"0.0"
"1536"	"1394"	"0.0"
"1537"	"1395"	"0.0"
"1538"	"1396"	"0.0"
"1539"	"1397"	"0.0"
"1540"	"1398"	"0.0"
"1541"	"1399"	"0.0"
"1542"	"1400"	"0.0"
"1543"	"1401"	"0.0"
"1544"	"1402"	"0.0"
"1545"	"1403"	"0.0"
"1546"	"1404"	"0.0"
"1547"	"1405"	"0.0"
"1548"	"1406"	"0.0"
"1549"	"1407"	"0.0"
"1550"	"1408"	"0.0"
"1551"	"1409"	"0.0"
"1552"	"1410"	"0.0"
"1553"	"1411"	"0.0"
"1554"	"1412"	"0.0"
"1555"	"1413"	"0.0"
"1556"	"1414"	"0.0"
"1557"	"1415"	"0.0"
"1558"	"1416"	"0.0"
"1559"	"1417"	"0.0"
"1560"	"1418"	"0.0"
"1561"	"1419"	"0.0"
"1562"	"1420"	"0.0"
"1563"	"1421"	"0.0"
"1564"	"1422"	"0.0"
"1565"	"1423"	"0.0"
"1566"	"1424"	"0.0"
"1567"	"1425"	"0.0"
"1568"	"1426"	"0.0"
"1569"	"1427"	"0.0"
"1570"	"1428"	"0.0"
"1571"	"1429"	"0.0"
"1572"	"1430"	"0.0"
"1573"	"1431"	"0.0"
"1574"	"1432"	"0.0"
"1575"	"1433"	"0.0"
"1576"	"1434"	"0.0"
"1577"	"1435"	"0.0"
"1578"	"1436"	"0.0"
"1579"	"1437"	"0.0"
"1580"	"1438"	"0.0"
"1581"	"1439"	"0.0"
"1582"	"1440"	"0.0"
"1583"	"1441"	"0.0"
"1584"	"1442"	"0.0"
"1585"	"1443"	"0.0"
"1586"	"1444"	"0.0"
"1587"	"1445"	"0.0"
"1588"	"1446"	"0.0"
"1589"	"1447"	"0.0"
"1590"	"1448"	"0.0"
"1591"	"1449"	"0.0"
"1592"	"1450"	"0.0"
"1593"	"1451"	"0.0"
"1594"	"1452"	"0.0"
"1595"	"1453"	"0.0"
"1596"	"1454"	"0.0"
"1597"	"1455"	"0.0"
"1598"	"1456"	"0.0"
"1599"	"1457"	"0.0"
"1600"	"1458"	"0.0"
"1601"	"1459"	"0.0"
"1602"	"1460"	"0.0"
"1603"	"1461"	"0.0"
"1604"	"1462"	"0.0"
"1605"	"1463"	"0.0"
"1606"	"1464"	"0.0"
"1607"	"1465"	"0.0"
"1608"	"1466"	"0.0"
"1609"	"1467"	"0.0"
"1610"	"1468"	"0.0"
"1611"	"1469"	"0.0"
"1612"	"1470"	"0.0"
"1613"	"1471"	"0.0"
"1614"	"1472"	"0.0"
"1615"	"1473"	"0.0"
"1616"	"1474"	"0.0"
"1617"	"1475"	"0.0"
"1618"	"1476"	"0.0"
"1619"	"1477"	"0.0"
"1620"	"1478"	"0.0"
"1621"	"1479"	"0.0"
"1622"	"1480"	"0.0"
"1623"	"1481"	"0.0"
"1624"	"1482"	"0.0"
"1625"	"1483"	"0.0"
"1626"	"1484"	"0.0"
"1627"	"1485"	"0.0"
"1628"	"1486"	"0.0"
"1629"	"1487"	"0.0"
"1630"	"1488"	"0.0"
"1631"	"1489"	"0.0"
"1632"	"1490"	"0.0"
"1633"	"1491"	"0.0"
"1634"	"1492"	"0.0"
"1635"	"1493"	"0.0"
"1636"	"1494"	"0.0"
"1637"	"1495"	"0.0"
"1638"	"1496"	"0.0"
"1639"	"1497"	"0.0"
"1640"	"1498"	"0.0"
"1641"	"1499"	"0.0"
"1642"	"1500"	"0.0"
"1643"	"1501"	"0.0"
"1644"	"1502"	"0.0"
"1645"	"1503"	"0.0"
"1646"	"1504"	"0.0"
"1647"	"1505"	"0.0"
"1648"	"1506"	"0.0"
"1649"	"1507"	"0.0"
"1650"	"1508"	"0.0"
"1651"	"1509"	"0.0"
"1652"	"1510"	"0.0"
"1653"	"1511"	"0.0"
"1654"	"1512"	"0.0"
"1655"	"1513"	"0.0"
"1656"	"1514"	"0.0"
"1657"	"1515"	"0.0"
"1658"	"1516"	"0.0"
"1659"	"1517"	"0.0"
"1660"	"1518"	"0.0"
"1661"	"1519"	"0.0"
"1662"	"1520"	"0.0"
"1663"	"1521"	"0.0"
"1664"	"1522"	"0.0"
"1665"	"1523"	"0.0"
"1666"	"1524"	"0.0"
"1667"	"1525"	"0.0"
"1668"	"1526"	"0.0"
"1669"	"1527"	"0.0"
"1670"	"1528"	"0.0"
"1671"	"1529"	"0.0"
"1672"	"1530"	"0.0"
"1673"	"1531"	"0.0"
"1674"	"1532"	"0.0"
"1675"	"1533"	"0.0"
"1676"	"1534"	"0.0"
"1677"	"1535"	"0.0"
"1678"	"1536"	"0.0"
"1679"	"1537"	"0.0"
"1680"	"1538"	"0.0"
"1681"	"1539"	"0.0"
"1682"	"1540"	"0.0"
"1683"	"1541"	"0.0"
"1684"	"1542"	"0.0"
"1685"	"1543"	"0.0"
"1686"	"1544"	"0.0"
"1687"	"1545"	"0.0"
"1688"	"1546"	"0.0"
"1689"	"1547"	"0.0"
"1690"	"1548"	"0.0"
"1691"	"1549"	"0.0"
"1692"	"1550"	"0.0"
"1693"	"1551"	"0.0"
"1694"	"1552"	"0.0"
"1695"	"1553"	"0.0"
"1696"	"1554"	"0.0"
"1697"	"1555"	"0.0"
"1698"	"1556"	"0.0"
"1699"	"1557"	"0.0"
"1700"	"1558"	"0.0"
"1701"	"1559"	"0.0"
"1702"	"1560"	"0.0"
"1703"	"1561"	"0.0"
"1704"	"1562"	"0.0"
"1705"	"1563"	"0.0"
"1706"	"1564"	"0.0"
"1707"	"1565"	"0.0"
"1708"	"1566"	"0.0"
"1709"	"1567"	"0.0"
"1710"	"1568"	"0.0"
"1711"	"1569"	"0.0"
"1712"	"1570"	"0.0"
"1713"	"1571"	"0.0"
"1714"	"1572"	"0.0"
"1715"	"1573"	"0.0"
"1716"	"1574"	"0.0"
"1717"	"1575"	"0.0"
"1718"	"1576"	"0.0"
"1719"	"1577"	"0.0"
"1720"	"1578"	"0.0"
"1721"	"1579"	"0.0"
"1722"	"1580"	"0.0"
"1723"	"1581"	"0.0"
"1724"	"1582"	"0.0"
